version,1.0,1.0.1,1.0.2,1.0.3,1.0.4,1.1,1.1.1,1.1.2,1.1.3,1.1.3.1,1.1.4,1.2,1.2.1,1.2.2,1.2.3,1.2.4,1.2.5,1.2.6,1.3,1.3.0,1.3.1,1.3.2,1.4,1.4.0,1.4.1,1.4.2,1.4.3,1.4.4,1.5,1.5.0,1.5.1,1.5.2,1.6,1.6.0,1.6.1,1.6.2,1.6.3,1.6.4,1.7,1.7.0,1.7.1,1.7.2,1.8.0,1.8.1,1.8.2,1.8.3,1.9.0,1.9.1,1.10.0,1.10.1,1.10.2,1.11.0,1.11.1,1.11.2,1.11.3,1.12.0,1.12.1,1.12.2,1.12.3,1.12.4,2.0.0,2.0.1,2.0.2,2.0.3,2.1.0,2.1.1,2.1.2,2.1.3,2.1.4,2.2.0,2.2.1,2.2.2,2.2.3,2.2.4,3.0.0,3.1.0,3.1.1,3.2.0,3.2.1,3.3.0,3.3.1,3.4.0,3.4.1
1.0,0.0,0.9984535086023584,0.8937416331994645,0.8605144749129807,0.7449349365837589,0.17032484635645304,0.16112666200139958,0.15771783159527708,0.09241253220310812,0.09088643349671845,0.08692883298837764,0.05664086497112667,0.05645358804800392,0.04184198223468911,0.03705861787670435,0.033948847344879,0.033948847344879,0.033929390187987164,0.03058623619371283,0.03058623619371283,0.030267629566694987,0.030366492146596858,0.02963841138114997,0.02963841138114997,0.03197018730999313,0.03070387177754176,0.02990277013392038,0.02981152591518666,0.02380157006848171,0.02380157006848171,0.02362855254461335,0.023542970036219954,0.026755323359455394,0.026755323359455394,0.02661836509686565,0.024639045825486504,0.023660784007496487,0.023422860712054967,0.018414793217217833,0.018414793217217833,0.015385798907608278,0.013325211299779182,0.015842349304482226,0.015836230204712243,0.01583133832728396,0.01581424053074134,0.016529566971907498,0.0163312693498452,0.015633423180592992,0.0156370358958558,0.016166281755196306,0.009882005899705015,0.010774907749077491,0.010757838116641492,0.010755856785030205,0.016673472165509733,0.016674606955693186,0.016689373297002725,0.01669733524160022,0.016704165814413308,0.014391447368421052,0.0143607418348925,0.014366636565142435,0.014925373134328358,0.007600184246890834,0.007574308557438507,0.007568518023011353,0.007568518023011353,0.007567071772529237,0.018407596785975165,0.018407596785975165,0.018404907975460124,0.018404907975460124,0.018442622950819672,0.02158222473818285,0.021588824608437984,0.021301940999229205,0.01999021458027539,0.019980438731312004,0.019751381215469613,0.019751381215469613,0.021133460179396574,0.02097902097902098
1.0.1,0.0,0.0,0.8937416331994645,0.8605144749129807,0.7449349365837589,0.17032484635645304,0.16112666200139958,0.15771783159527708,0.09241253220310812,0.09088643349671845,0.08692883298837764,0.05664086497112667,0.05645358804800392,0.04184198223468911,0.03705861787670435,0.033948847344879,0.033948847344879,0.033929390187987164,0.03058623619371283,0.03058623619371283,0.030267629566694987,0.030366492146596858,0.02963841138114997,0.02963841138114997,0.03197018730999313,0.03070387177754176,0.02990277013392038,0.02981152591518666,0.02380157006848171,0.02380157006848171,0.02362855254461335,0.023542970036219954,0.026755323359455394,0.026755323359455394,0.02661836509686565,0.024639045825486504,0.023660784007496487,0.023422860712054967,0.018414793217217833,0.018414793217217833,0.015385798907608278,0.013325211299779182,0.015842349304482226,0.015836230204712243,0.01583133832728396,0.01581424053074134,0.016529566971907498,0.0163312693498452,0.015633423180592992,0.0156370358958558,0.016166281755196306,0.009882005899705015,0.010774907749077491,0.010757838116641492,0.010755856785030205,0.016673472165509733,0.016674606955693186,0.016689373297002725,0.01669733524160022,0.016704165814413308,0.014391447368421052,0.0143607418348925,0.014366636565142435,0.014925373134328358,0.007600184246890834,0.007574308557438507,0.007568518023011353,0.007568518023011353,0.007567071772529237,0.018407596785975165,0.018407596785975165,0.018404907975460124,0.018404907975460124,0.018442622950819672,0.02158222473818285,0.021588824608437984,0.021301940999229205,0.01999021458027539,0.019980438731312004,0.019751381215469613,0.019751381215469613,0.021133460179396574,0.02097902097902098
1.0.2,0.0,0.0,0.0,0.9581621217781098,0.8268839103869654,0.1814404432132964,0.17073170731707318,0.1676129911424029,0.09846762959161229,0.09770578318551638,0.0858977978543196,0.060236018471010774,0.060069586573884566,0.04782523125369022,0.043781289879257876,0.038934624697336565,0.038934624697336565,0.03891577928363989,0.03747051351841771,0.03747051351841771,0.037198330611504266,0.03719971315883829,0.037005457025920875,0.037005457025920875,0.038973142421418284,0.03778316475800385,0.03677646306363927,0.03662395190634393,0.03085419734904271,0.03085419734904271,0.030634573304157548,0.030536571179293297,0.03314839525247559,0.03314839525247559,0.032997762863534674,0.03121951219512195,0.03032195392728282,0.03010961565144998,0.025411571828676822,0.025411571828676822,0.022868880520369738,0.020964787299002648,0.023305376048398184,0.023297367878496324,0.023290965304019237,0.02326858397968289,0.02332321280706597,0.023130937629078894,0.02220546912480296,0.02221003564573622,0.02267744587558235,0.012567012462577456,0.013620845816205672,0.013600473059932519,0.013598108089309313,0.022515337423312885,0.022516718817105343,0.022534692373818003,0.02254438233306714,0.022552694647575738,0.02150225192503269,0.021461716937354988,0.021469500253862333,0.021956521739130434,0.011533733458673801,0.011496738386131834,0.01148845752151835,0.01148845752151835,0.01148638916894714,0.02471234309623431,0.02471234309623431,0.024709112302261735,0.024709112302261735,0.02475442043222004,0.027385944846867454,0.02737642585551331,0.02720917049820495,0.02601646452585936,0.02600502512562814,0.025115006838244438,0.025115006838244438,0.026283543683372136,0.026140189776553413
1.0.3,0.0,0.0,0.0,0.0,0.8452302025782689,0.17741558137721283,0.16657598134473378,0.16239644062595887,0.09267785533937324,0.09161098737936155,0.07867095391211147,0.04837024655244463,0.04823419106156891,0.034037441185303836,0.029958058717795086,0.0252167060677699,0.0252167060677699,0.025204292606084474,0.024610563185547055,0.024610563185547055,0.024334040003686976,0.024492397341345715,0.024924275205538728,0.024924275205538728,0.02699914015477214,0.025954198473282442,0.025456019456830157,0.025423049161921566,0.020362497202953682,0.020362497202953682,0.020240821452315875,0.020175244827332302,0.02317645386037253,0.02317645386037253,0.023069846436911755,0.021302109049869507,0.02043682842896271,0.020223298925637245,0.015622839762201022,0.015622839762201022,0.013026607538802661,0.011190443498558286,0.013427955193766088,0.01342328557518431,0.013419552218050341,0.013406501806057238,0.013408757594804106,0.013237650665366125,0.012345679012345678,0.012348248352410683,0.012826735075920404,0.007529856757608658,0.008586548908281639,0.008573628219484883,0.008572128337007103,0.013703726669560365,0.01370457646037455,0.013715633339539502,0.01372159443685583,0.01372670807453416,0.011035091591260208,0.011014024524561275,0.011018069634200088,0.011521244587950393,0.0062943423685646715,0.006274026256618554,0.006269478872218598,0.006269478872218598,0.006268343055907823,0.015340871520201018,0.015340871520201018,0.015338842975206612,0.015338842975206612,0.015367291514870504,0.01831031159653068,0.018325110527327482,0.018211920529801324,0.017026683608640406,0.017019114752016257,0.01621315905234714,0.01621315905234714,0.017524304910520774,0.0173864620715258
1.0.4,0.0,0.0,0.0,0.0,0.0,0.3116942211436372,0.2995161778046568,0.28688708112545713,0.19697736640393376,0.19547458974915058,0.13776291962668896,0.07589330649219929,0.07568761292913069,0.05767001545595054,0.05483280331502361,0.04992867332382311,0.04992867332382311,0.04990494296577947,0.04780592222618623,0.04780592222618623,0.04753835176596504,0.047417592102943766,0.043631481792247025,0.043631481792247025,0.04552655715834237,0.044268904797169426,0.04299889746416759,0.042783665835411475,0.036673928830791576,0.036673928830791576,0.03640287769784173,0.03628800917957545,0.03867211864994109,0.03867211864994109,0.0384986891127363,0.03672627235213205,0.03581701136830571,0.035606683100520405,0.030885427203452696,0.030885427203452696,0.028387968908415006,0.026458570567352135,0.028840933767643864,0.028831151210908353,0.02882332994235334,0.028795988888136052,0.028878899332516007,0.02867627072574069,0.027738312698734863,0.027743943700094736,0.028202353577708644,0.01545856965002075,0.01650747508305648,0.016482946888282248,0.016480099502487564,0.027471194663432383,0.027472860695008795,0.02749453750910415,0.02750622381443925,0.027516248557371073,0.027371739753511034,0.027320841081390358,0.027330614581097517,0.027805575411007862,0.014543234702671647,0.01449690374771808,0.014486532889795043,0.014486532889795043,0.014483942493383879,0.0299625468164794,0.0299625468164794,0.029958677685950414,0.029958677685950414,0.03001293661060802,0.0324585635359116,0.03243581715716969,0.03223999502085019,0.031050114885425077,0.031036623215394164,0.030105677070533302,0.030105677070533302,0.031189437984496124,0.031043872919818458
1.1,0.0,0.0,0.0,0.0,0.0,0.0,0.9816447579352356,0.920692654384439,0.6369962529632178,0.6338200443391178,0.4589151844774364,0.17445279320483503,0.1739413680781759,0.13833333333333334,0.13194805194805195,0.1143091262931476,0.1143091262931476,0.11425061425061425,0.06481835564053537,0.06481835564053537,0.06453154875717017,0.06220502171040211,0.04755507791509941,0.04755507791509941,0.0495507517124811,0.048153670730637664,0.04537083542608405,0.0451158940397351,0.036334306345060685,0.036334306345060685,0.036051110435047155,0.03593086719223772,0.03845872632887329,0.03845872632887329,0.03827681560180469,0.0364084711343197,0.03545126353790614,0.03522956973722206,0.03026212971513817,0.03026212971513817,0.027629423912269458,0.025604852930803414,0.02810354691075515,0.028093502037315032,0.028085471307082114,0.028057399871492826,0.027135678391959798,0.026926382125465484,0.02594625418775394,0.02595180379295594,0.026435798774405016,0.014238034370117881,0.015314098919840818,0.01529073686451201,0.015288024971623156,0.02586097344008133,0.025862616763042513,0.025883998982447216,0.025895527136221924,0.025905416587104577,0.025446834292638595,0.025396825396825397,0.025406427221172024,0.025910258347182354,0.013249188072040154,0.013205812028692294,0.013196103657415916,0.013196103657415916,0.013193678794560824,0.028369757024569023,0.028369757024569023,0.028365906623235612,0.028365906623235612,0.028419907533315202,0.031035846072746443,0.031015902221054013,0.03081945804766569,0.029574620545892775,0.029561140773538223,0.028600876062870394,0.028600876062870394,0.029758883248730963,0.029607557218030812
1.1.1,0.0,0.0,0.0,0.0,0.0,0.0,0.0,0.9570494128772953,0.6977665980638769,0.6946582336356016,0.5237397420867527,0.19262872628726288,0.19206658019887593,0.15484339348682846,0.14844315713251266,0.12422233554309026,0.12422233554309026,0.12415902140672783,0.06789183012759474,0.06789183012759474,0.0676061702532851,0.06525009402030839,0.04737687366167023,0.04737687366167023,0.04936630328813259,0.047976929126977194,0.04521187854521188,0.044959577627454214,0.03621745788667688,0.03621745788667688,0.03593631539044731,0.035816835423908115,0.038340986952401776,0.038340986952401776,0.0381601857225769,0.03629790310918293,0.03534408292542471,0.03512307470850727,0.03017210850626815,0.03017210850626815,0.027547035853745117,0.025529221464237993,0.02801939255668045,0.028009407740004277,0.028001425008906306,0.027973521247063846,0.027054108216432865,0.026845637583892617,0.02586880818705138,0.02587432470855843,0.026356919579425972,0.014216833297879884,0.015291279358546796,0.015267986822062419,0.01526528299213714,0.02579214195183777,0.025793776538437164,0.025815045033616642,0.025826511834507265,0.025836348632006602,0.025366148271176205,0.02531645569620253,0.025325996834250394,0.025828313253012047,0.013228683027489129,0.013185440922613582,0.013175762469262671,0.013175762469262671,0.013173345075590783,0.028289117487818084,0.028289117487818084,0.02828528894302341,0.02828528894302341,0.028338983050847456,0.030950190563806018,0.0309305373525557,0.030735169629484926,0.029493925810433315,0.029480519480519482,0.028523705512013362,0.028523705512013362,0.029679787368687507,0.029528928232690484
1.1.2,0.0,0.0,0.0,0.0,0.0,0.0,0.0,0.0,0.7157261098570353,0.7131036557845645,0.5363629785078515,0.1978501489995743,0.1966465032367611,0.15194130235402017,0.14565968692823744,0.1218925421010425,0.1218925421010425,0.12183147981164212,0.06624191886067647,0.06624191886067647,0.0659608357537712,0.06366244101045619,0.046752790227612265,0.046752790227612265,0.04871660555264536,0.04735663853969347,0.04465827781889958,0.04441552102822745,0.035295896001813924,0.035295896001813924,0.035027318314497416,0.034912346139500186,0.037437005039596835,0.037437005039596835,0.03726262988176281,0.03542604099707164,0.03448766266088317,0.03426946320654106,0.02939118264520644,0.02939118264520644,0.026795735129068462,0.024808895066018067,0.027259280129604845,0.027249683143219267,0.027242010418133185,0.02721518987341772,0.026302764618539205,0.026098610425336812,0.025136918972054487,0.025142215043191234,0.02561942865164596,0.013919723719914016,0.01498748104524456,0.014964788732394365,0.014962154550255237,0.02513948968716695,0.025141065830721003,0.02516157369642969,0.02517263025737602,0.025182115046470735,0.024595662219572184,0.024548091943762552,0.02455722577764548,0.025053899338339156,0.012926141565051815,0.012884152127892547,0.012874753811364797,0.012874753811364797,0.012872406374211429,0.027564059677527262,0.027564059677527262,0.02756037193123286,0.02756037193123286,0.027612090342470343,0.030216388329326143,0.030198950165251766,0.030010303967027304,0.02878437419686456,0.028771434076167234,0.027832496663913072,0.027832496663913072,0.028986414574594627,0.028837733016389342
1.1.3,0.0,0.0,0.0,0.0,0.0,0.0,0.0,0.0,0.0,0.9863013698630136,0.7805460032282967,0.2958477508650519,0.29442809296660916,0.22757004783754758,0.21425788858589795,0.16663463386507785,0.16663463386507785,0.1665546057055038,0.08574259209222733,0.08574259209222733,0.0844816716202828,0.08205036931565364,0.04792954526208824,0.04792954526208824,0.049814877145742176,0.048488874128196614,0.045833664310112,0.04574392831879274,0.03682014493814508,0.03682014493814508,0.03654557319991299,0.036429345861944344,0.03763966480446927,0.03763966480446927,0.037469586374695864,0.03568706257362622,0.034775408818050094,0.034563642635391516,0.029823369565217393,0.029823369565217393,0.027304916246765627,0.023144399460188935,0.025500786217269433,0.02549207217058502,0.025485105220005466,0.02546075085324232,0.024565978178823854,0.02437187649756966,0.023446019629225736,0.023450814643124956,0.023914968999114262,0.013225952025549345,0.014277277937958107,0.014255983350676378,0.014253511357724987,0.023624931322874063,0.023626373626373626,0.023645139610191237,0.02365525672371638,0.02366393542864131,0.02282082761609013,0.022778058098464643,0.022786270550908566,0.02326921691520784,0.012221060600598436,0.012181974989219491,0.01217322608445849,0.01217322608445849,0.012171040821455498,0.025882811991936008,0.025882811991936008,0.025879445997789192,0.025879445997789192,0.025926649729659305,0.028510019596687527,0.028497572662505518,0.02832435142248402,0.02713517569088408,0.02712330479345041,0.026226263376012866,0.026226263376012866,0.027373041516795708,0.02722953216374269
1.1.3.1,0.0,0.0,0.0,0.0,0.0,0.0,0.0,0.0,0.0,0.0,0.787132533501719,0.3061037639877925,0.3046565892259308,0.23441007124036303,0.22108644859813084,0.17156580211335254,0.17156580211335254,0.171483437349976,0.08571171333393356,0.08571171333393356,0.08445124696137571,0.0820211724935504,0.047913315838483024,0.047913315838483024,0.04979811574697174,0.04847277556440903,0.045819105852457714,0.045729551347528874,0.03680936699597512,0.03680936699597512,0.0365349764407394,0.036418816388467376,0.03762915386763474,0.03762915386763474,0.03745917019945792,0.03567717353654312,0.03476581361661033,0.034554107179805504,0.029815267590328716,0.029815267590328716,0.027297481279782165,0.02313815434430653,0.025493814503451576,0.025485105220005466,0.025478142076502733,0.02545380100996315,0.02455923715442135,0.024365204298131545,0.02343962932679204,0.02344442172698153,0.023908453102649684,0.013224115789108327,0.014275294362821715,0.014254005687729764,0.01425153438052637,0.023619163869392737,0.02362060546875,0.023639362286970864,0.0236494744561232,0.02365814891796063,0.022814237239188507,0.022771492397492252,0.022779700115340255,0.023262513503781057,0.012219298561799373,0.012180224202356999,0.012171477811288238,0.012171477811288238,0.01216929317586244,0.025876080879006568,0.025876080879006568,0.0258727166352467,0.0258727166352467,0.02591989579941387,0.02850281236175188,0.02849038764576111,0.028317253477007892,0.02712839104888111,0.02711652608559825,0.026219776142477273,0.026219776142477273,0.02736636801365271,0.027222898903775883
1.1.4,0.0,0.0,0.0,0.0,0.0,0.0,0.0,0.0,0.0,0.0,0.0,0.3827136648961854,0.3727605471007513,0.28806164129223916,0.2666481430026859,0.19954275262917237,0.19954275262917237,0.19945155393053016,0.09800550206327373,0.09800550206327373,0.09491059147180192,0.09246982831888492,0.04919760090776463,0.04919760090776463,0.050994924675743174,0.049709695378986715,0.047110840067083395,0.04655900996076064,0.03791402396053559,0.03791402396053559,0.03763966480446927,0.03752436647173489,0.03865580173749074,0.03865580173749074,0.0384873273434357,0.03676470588235294,0.0358807082945014,0.03567625133120341,0.031084005508557937,0.031084005508557937,0.028655931646401577,0.024627011531695876,0.026920031670625493,0.026911153617835235,0.026904055390702276,0.026879241056723104,0.026023043305522447,0.02583245243128964,0.02493257022564305,0.024937491775233585,0.025384716559252927,0.01418052904281429,0.015213535270841861,0.015191253108075889,0.015188666394224221,0.02495564754583087,0.02495712342539476,0.024976325757575756,0.024986677719225532,0.024995557661553043,0.024415692821368948,0.024371615053464798,0.02438007918316316,0.024843858431644692,0.013230507994905901,0.013188983319815214,0.013179687775310991,0.013179687775310991,0.01317736593615672,0.027222431786747138,0.027222431786747138,0.027219009303495096,0.027219009303495096,0.02726700251889169,0.029728407144604844,0.029713239780353874,0.029538424213016317,0.028384675906312412,0.02837265577737447,0.027491614758025876,0.027491614758025876,0.028584927947082447,0.028444969017409266
1.2,0.0,0.0,0.0,0.0,0.0,0.0,0.0,0.0,0.0,0.0,0.0,0.0,0.9449572075851653,0.6986927075129942,0.6586131157828679,0.4714373464373464,0.4714373464373464,0.4680067515728096,0.22277708420030518,0.22277708420030518,0.21695103343043418,0.20713604793681056,0.05281111813013266,0.05281111813013266,0.0555694618272841,0.05349693251533742,0.050143760782058656,0.0490429267187677,0.036961195863622405,0.036961195863622405,0.036576740426391835,0.036414847600844985,0.03356992135046998,0.03356992135046998,0.03336192927270994,0.030938597323716427,0.03094631569015945,0.031034808036977644,0.025124699796785516,0.025124699796785516,0.02168272794662713,0.01519311733479773,0.01751607192769962,0.017507915813000558,0.017501396388009682,0.017478616586091483,0.017136435995879763,0.01689536077662653,0.015680089070328446,0.01568445475638051,0.016321988314940184,0.00899128968811464,0.009159201381914594,0.009143407122232916,0.009141574114911191,0.016977656763033554,0.016979016498478296,0.016996712899863705,0.01700625701909193,0.017014446227929372,0.013362805184366522,0.013327988776430504,0.013334670142370162,0.014018223690798037,0.006542252044453764,0.006517924291802457,0.006512482257660516,0.006512482257660516,0.0065111231687466084,0.019420012191935905,0.019420012191935905,0.019416630387461907,0.019416630387461907,0.0194640830933054,0.023144654088050314,0.02314698754909334,0.022960875331564986,0.02140495867768595,0.02139258280333691,0.02028843803471034,0.02028843803471034,0.021904228955152292,0.02172176968535378
1.2.1,0.0,0.0,0.0,0.0,0.0,0.0,0.0,0.0,0.0,0.0,0.0,0.0,0.0,0.7322772898368883,0.6958287767536322,0.496406178314727,0.496406178314727,0.4886919315403423,0.23977335544499723,0.23977335544499723,0.2339690436705362,0.22388059701492538,0.060060438176781666,0.060060438176781666,0.0627416739428714,0.06053564877094289,0.05056179775280899,0.048893405600722674,0.036859301613232594,0.036859301613232594,0.03647722692462717,0.03631621187800963,0.033483210561561276,0.033483210561561276,0.033276288267731505,0.0308595229079894,0.030867683041596084,0.0309559653744825,0.025062194784852113,0.025062194784852113,0.021628616323135227,0.015155665114580481,0.017472118959107805,0.017464003715745472,0.017457516946791717,0.017434851154595195,0.017093218755837847,0.01685288640595903,0.015640906987505785,0.015645250879466766,0.01628122109158187,0.008981555733761026,0.009149277688603531,0.009133517606056964,0.009131688561358538,0.01694102605082308,0.016942379924878126,0.01696,0.016969502921636116,0.016977656763033554,0.013326653306613227,0.013292024785128923,0.013298670132986702,0.013980427401637708,0.00653485254691689,0.006510579691999499,0.00650514991034569,0.00650514991034569,0.006503793879763195,0.01937445699391833,0.01937445699391833,0.01937109103544128,0.01937109103544128,0.019418321142459075,0.023092369477911646,0.023094880773720194,0.02290960218344223,0.021357301888348314,0.02134498104499753,0.02024390243902439,0.02024390243902439,0.02185705169112955,0.021675033867240418
1.2.2,0.0,0.0,0.0,0.0,0.0,0.0,0.0,0.0,0.0,0.0,0.0,0.0,0.0,0.0,0.9674569282874392,0.7468610189060471,0.7468610189060471,0.7382463224689934,0.35274062418043534,0.35274062418043534,0.34513506425386836,0.31868556701030926,0.07045127220355257,0.07045127220355257,0.07660283097418817,0.07423835648418349,0.05937225636523266,0.05764654985939866,0.03957187745483111,0.03957187745483111,0.03917006011246849,0.03900366866190384,0.036705708752190355,0.036705708752190355,0.03648698203153649,0.03414277889355487,0.03413217138707335,0.034216736249773096,0.028373209997331672,0.028373209997331672,0.025069140868944597,0.017014899056686943,0.019282511210762333,0.01927386822052891,0.019266959404964604,0.019242817506488857,0.018925739005046863,0.018688230008984726,0.017507815989280927,0.017512508934953538,0.018125,0.009909198578760364,0.010075069142631371,0.010057981303987693,0.010055998107106239,0.018521388716677,0.018522824149422613,0.018541505042668736,0.018551579601024607,0.01856022365457793,0.015429122468659595,0.015390534821085032,0.01539794052545472,0.016051518646674357,0.00754265930261314,0.007515091782678329,0.007508924541463215,0.007508924541463215,0.007507384312438464,0.02100840336134454,0.02100840336134454,0.02100487313056629,0.02100487313056629,0.021054404581438438,0.024550315994166263,0.02454780361757106,0.024357022674465188,0.022848925461372533,0.022836154583200256,0.021749408983451537,0.021749408983451537,0.0232863995048739,0.023108431872633124
1.2.3,0.0,0.0,0.0,0.0,0.0,0.0,0.0,0.0,0.0,0.0,0.0,0.0,0.0,0.0,0.0,0.780414150129422,0.780414150129422,0.7792786319873545,0.3658345314337995,0.3658345314337995,0.35825382302966935,0.32806679511881826,0.07275338039966495,0.07275338039966495,0.07886622390891841,0.07646648044692737,0.0592098062821495,0.05749110128357243,0.03947497306298364,0.03947497306298364,0.039075345778121676,0.03890975633246653,0.03662127346337873,0.03662127346337873,0.03640354888868563,0.03406503324528646,0.034054886332759715,0.0341392737480757,0.028310259140930067,0.028310259140930067,0.025013352323304254,0.016977480647431386,0.01923937360178971,0.019230769230769232,0.019223891273247497,0.019199857117342383,0.018883193957377933,0.01864634692962797,0.01746880570409982,0.017473477756976018,0.018084632516703787,0.009899428120686254,0.010065127294256957,0.010048073134210734,0.010046093842335421,0.018485575063810038,0.01848700495049505,0.018505613627564848,0.018515649209792377,0.018524259804681444,0.015392015392015393,0.015353612897034833,0.015360983102918587,0.016013040559976988,0.0075348952114299836,0.007507384312438464,0.00750122970978849,0.00750122970978849,0.0074996926355477235,0.020964360587002098,0.020964360587002098,0.020960845141276097,0.020960845141276097,0.02101016892175813,0.02450068731301043,0.024498347973245224,0.02430833200063969,0.022803380641046086,0.022790660610407205,0.02170664569406213,0.02170664569406213,0.023241448536792525,0.023063869176180193
1.2.4,0.0,0.0,0.0,0.0,0.0,0.0,0.0,0.0,0.0,0.0,0.0,0.0,0.0,0.0,0.0,0.0,0.9952058657642414,0.9926729604058052,0.5041725510335088,0.5041725510335088,0.4990371036076518,0.46182001767007447,0.08522660388463803,0.08522660388463803,0.0911318553092182,0.08957617411225659,0.06641509433962264,0.06323732596450207,0.04503720885280758,0.04503720885280758,0.044573828385988355,0.044387415644900674,0.04179538433581683,0.04179538433581683,0.041549995483696145,0.03921921381667716,0.03801771178101798,0.038100348806010195,0.03015956514115378,0.03015956514115378,0.026908195568061906,0.018946636537458716,0.021214531954388757,0.021205159922247748,0.021197668256491786,0.02117148906139732,0.020872191135980104,0.02063225006641282,0.019457650994893466,0.0194627917217085,0.020065123646924227,0.010826501392539128,0.010992030777686177,0.010973506819250666,0.010971356921750716,0.020203566235555217,0.02020511250574009,0.02022523557802804,0.02023608768971332,0.020245398773006136,0.01756384695718219,0.017520598541528553,0.017528898995641463,0.018169773824169583,0.008515864892528147,0.008484947377009056,0.008478030488301948,0.008478030488301948,0.008476303027833245,0.022796982508497057,0.022796982508497057,0.022793203481143803,0.022793203481143803,0.02284622414222813,0.02622950819672131,0.026221407507770782,0.026020246757355266,0.024526813880126182,0.02451328131157878,0.023418657122850697,0.023418657122850697,0.024906409962563984,0.024729049000152648
1.2.5,0.0,0.0,0.0,0.0,0.0,0.0,0.0,0.0,0.0,0.0,0.0,0.0,0.0,0.0,0.0,0.0,0.0,0.9926729604058052,0.5041725510335088,0.5041725510335088,0.4990371036076518,0.46182001767007447,0.08522660388463803,0.08522660388463803,0.0911318553092182,0.08957617411225659,0.06641509433962264,0.06323732596450207,0.04503720885280758,0.04503720885280758,0.044573828385988355,0.044387415644900674,0.04179538433581683,0.04179538433581683,0.041549995483696145,0.03921921381667716,0.03801771178101798,0.038100348806010195,0.03015956514115378,0.03015956514115378,0.026908195568061906,0.018946636537458716,0.021214531954388757,0.021205159922247748,0.021197668256491786,0.02117148906139732,0.020872191135980104,0.02063225006641282,0.019457650994893466,0.0194627917217085,0.020065123646924227,0.010826501392539128,0.010992030777686177,0.010973506819250666,0.010971356921750716,0.020203566235555217,0.02020511250574009,0.02022523557802804,0.02023608768971332,0.020245398773006136,0.01756384695718219,0.017520598541528553,0.017528898995641463,0.018169773824169583,0.008515864892528147,0.008484947377009056,0.008478030488301948,0.008478030488301948,0.008476303027833245,0.022796982508497057,0.022796982508497057,0.022793203481143803,0.022793203481143803,0.02284622414222813,0.02622950819672131,0.026221407507770782,0.026020246757355266,0.024526813880126182,0.02451328131157878,0.023418657122850697,0.023418657122850697,0.024906409962563984,0.024729049000152648
1.2.6,0.0,0.0,0.0,0.0,0.0,0.0,0.0,0.0,0.0,0.0,0.0,0.0,0.0,0.0,0.0,0.0,0.0,0.0,0.5079548370541442,0.5079548370541442,0.5028226841159866,0.4625378405650858,0.0851764705882353,0.0851764705882353,0.09107871720116618,0.08952489982827705,0.06637931034482758,0.06320373911196091,0.04501545595054096,0.04501545595054096,0.04455256630414043,0.044366330989929696,0.04177640541276905,0.04177640541276905,0.0415312387143373,0.03920158244919979,0.03800071530758226,0.03808331843375648,0.03014635001314521,0.03014635001314521,0.026896369869034015,0.01893840674137781,0.021205159922247748,0.021195796167093526,0.021188311115034872,0.02116215501278547,0.020862926136363636,0.02062311913613029,0.019449089148992342,0.019454225352112674,0.020056298381421533,0.010824378382618245,0.010989873616453412,0.010971356921750716,0.01096920786648907,0.020195838433292534,0.020197383520771172,0.020217491193138305,0.02022833499348709,0.02023763894212342,0.017555513380148036,0.01751230594471791,0.017520598541528553,0.018161180476730987,0.008514121981170691,0.008483217096945226,0.008476303027833245,0.008476303027833245,0.00847457627118644,0.022787537288697382,0.022787537288697382,0.022783761391880698,0.022783761391880698,0.022836738083374854,0.02621902478017586,0.026210962396430847,0.026009961261759824,0.02451714623571147,0.024503624330286796,0.023409550474412816,0.023409550474412816,0.02489689934321063,0.024719615472648202
1.3,0.0,0.0,0.0,0.0,0.0,0.0,0.0,0.0,0.0,0.0,0.0,0.0,0.0,0.0,0.0,0.0,0.0,0.0,0.0,0.992458166391704,0.9561630921517794,0.8576566125290023,0.14664926022628372,0.14664926022628372,0.14816013812452788,0.13853824122202185,0.100882470918572,0.09637838907579656,0.07035494386091996,0.07035494386091996,0.06855199570431358,0.06730254947405954,0.057421174057933864,0.057421174057933864,0.05710401087695445,0.05485017775520569,0.05363758841360727,0.053712746253578046,0.043460299099396846,0.043460299099396846,0.04043417018808518,0.03195935425714988,0.030724396336386343,0.030711610486891385,0.03070138946667776,0.030665669409124907,0.026764804282368684,0.02652210175145955,0.0253836582330983,0.025389976767341522,0.025953565505804313,0.01378388697976327,0.013947267863966373,0.013924388662114219,0.013921733160424136,0.025428654460912525,0.025430502070769453,0.025454545454545455,0.025467510732736665,0.0254786343451991,0.02404274265360641,0.02398720682302772,0.023997866856279443,0.02459161931818182,0.011663084149351166,0.011621911070564437,0.011612698664341484,0.011612698664341484,0.011610397844349342,0.02829153605015674,0.02829153605015674,0.028287102335057202,0.028287102335057202,0.028349301083712895,0.03082866232389032,0.030806402899426155,0.029383104714788996,0.027958436121701426,0.027943813508667065,0.025977859778597786,0.025977859778597786,0.029014942695488176,0.028842669758678167
1.3.0,0.0,0.0,0.0,0.0,0.0,0.0,0.0,0.0,0.0,0.0,0.0,0.0,0.0,0.0,0.0,0.0,0.0,0.0,0.0,0.0,0.9561630921517794,0.8576566125290023,0.14664926022628372,0.14664926022628372,0.14816013812452788,0.13853824122202185,0.100882470918572,0.09637838907579656,0.07035494386091996,0.07035494386091996,0.06855199570431358,0.06730254947405954,0.057421174057933864,0.057421174057933864,0.05710401087695445,0.05485017775520569,0.05363758841360727,0.053712746253578046,0.043460299099396846,0.043460299099396846,0.04043417018808518,0.03195935425714988,0.030724396336386343,0.030711610486891385,0.03070138946667776,0.030665669409124907,0.026764804282368684,0.02652210175145955,0.0253836582330983,0.025389976767341522,0.025953565505804313,0.01378388697976327,0.013947267863966373,0.013924388662114219,0.013921733160424136,0.025428654460912525,0.025430502070769453,0.025454545454545455,0.025467510732736665,0.0254786343451991,0.02404274265360641,0.02398720682302772,0.023997866856279443,0.02459161931818182,0.011663084149351166,0.011621911070564437,0.011612698664341484,0.011612698664341484,0.011610397844349342,0.02829153605015674,0.02829153605015674,0.028287102335057202,0.028287102335057202,0.028349301083712895,0.03082866232389032,0.030806402899426155,0.029383104714788996,0.027958436121701426,0.027943813508667065,0.025977859778597786,0.025977859778597786,0.029014942695488176,0.028842669758678167
1.3.1,0.0,0.0,0.0,0.0,0.0,0.0,0.0,0.0,0.0,0.0,0.0,0.0,0.0,0.0,0.0,0.0,0.0,0.0,0.0,0.0,0.0,0.9080046403712297,0.1477371627502176,0.1477371627502176,0.1492392359987051,0.13959902407977087,0.10188527878058563,0.0973679002572729,0.07126041289387904,0.07126041289387904,0.06944693037408269,0.0681939739704047,0.05776296676065966,0.05776296676065966,0.057443915703602993,0.055188759099373624,0.05397440215560795,0.05404950328338104,0.04379079567049492,0.04379079567049492,0.04076559781257768,0.03171351307055642,0.03047460449625312,0.03046192259675406,0.030451784674265747,0.030416355023684866,0.02651388424222148,0.02627189324437031,0.02513479883865616,0.02514105542648523,0.02570480928689884,0.013669339442535318,0.013832632785632404,0.01380994163201465,0.013807307956365856,0.025210694565533275,0.025212526338734286,0.025236363636363637,0.025249217783598923,0.025260246050811678,0.02377560106856634,0.023720682302771856,0.02373122389120967,0.024325284090909092,0.011543666905501154,0.011502915394074015,0.011493797312829455,0.011493797312829455,0.011491520050721193,0.0280564263322884,0.0280564263322884,0.0280520294624667,0.0280520294624667,0.02811371132401445,0.030601424026662626,0.030579885231048022,0.029158234015441122,0.02773417059131345,0.027719665271966527,0.025756457564575647,0.025756457564575647,0.028797330625272014,0.028625262700195667
1.3.2,0.0,0.0,0.0,0.0,0.0,0.0,0.0,0.0,0.0,0.0,0.0,0.0,0.0,0.0,0.0,0.0,0.0,0.0,0.0,0.0,0.0,0.0,0.17821145185502896,0.17821145185502896,0.17912987980002126,0.15092563539378726,0.10528398970908372,0.10087890625,0.0720164609053498,0.0720164609053498,0.07021577644145738,0.06897463002114165,0.05862972036833657,0.05862972036833657,0.058309527810452025,0.05607633076665551,0.054870940882597835,0.054945054945054944,0.04478221786385552,0.04478221786385552,0.041793001720888304,0.03282807813893167,0.03071475625823452,0.03070211540044448,0.030692010203242,0.03065669433714145,0.026799007444168736,0.026558891454965358,0.025432767249159077,0.025439028393238142,0.02599639166803346,0.013865673909740162,0.014028284671532847,0.014005389607925,0.014002732240437158,0.025471290833213412,0.025473123695761674,0.02549697493517718,0.0255098364199755,0.025520870881695624,0.024111228440689896,0.024056189640035117,0.02406675450153711,0.024653447973328656,0.011759581881533102,0.01171828763069639,0.011709047900650502,0.011709047900650502,0.01170674024438313,0.0283077400341244,0.0283077400341244,0.02830334987593052,0.02830334987593052,0.02836493627603357,0.03081883623275345,0.030796830617431603,0.029387755102040815,0.02797720375989934,0.02796271637816245,0.02601578485822859,0.02601578485822859,0.029022988505747128,0.028852364889112178
1.4,0.0,0.0,0.0,0.0,0.0,0.0,0.0,0.0,0.0,0.0,0.0,0.0,0.0,0.0,0.0,0.0,0.0,0.0,0.0,0.0,0.0,0.0,0.0,0.9903010709234189,0.9370299809485612,0.8278890752985295,0.5766061060123618,0.5553089160192379,0.4210212765957447,0.4210212765957447,0.40210437710437713,0.39315665883931566,0.2515110000805867,0.2515110000805867,0.24907808241141574,0.2402555910543131,0.2341440152598951,0.23418626827717737,0.19540947771098446,0.19540947771098446,0.1916242661448141,0.16593074599116894,0.09672853098458635,0.09669051175222074,0.09666011787819254,0.09655388963026926,0.0664981835413047,0.06513862633900441,0.06073191756131965,0.060746198463709045,0.0612564624784584,0.028814693634741227,0.028984968001190655,0.028938667855418106,0.028933293715644036,0.04789219073946095,0.047895500725689405,0.04793857221914776,0.047961796664129,0.04798172124904798,0.05412198391420912,0.0540043470991473,0.054026929831897635,0.054553049289891395,0.024121108874090136,0.02403827603503492,0.024019740139568955,0.024019740139568955,0.024015110631408525,0.04678449428189514,0.04678449428189514,0.04677754677754678,0.04677754677754678,0.046875,0.04716709807305148,0.04702508960573477,0.04541895066562255,0.044024710644038914,0.0440028388928318,0.039702581369248036,0.039702581369248036,0.038158984267181895,0.037986901068597034
1.4.0,0.0,0.0,0.0,0.0,0.0,0.0,0.0,0.0,0.0,0.0,0.0,0.0,0.0,0.0,0.0,0.0,0.0,0.0,0.0,0.0,0.0,0.0,0.0,0.0,0.9370299809485612,0.8278890752985295,0.5766061060123618,0.5553089160192379,0.4210212765957447,0.4210212765957447,0.40210437710437713,0.39315665883931566,0.2515110000805867,0.2515110000805867,0.24907808241141574,0.2402555910543131,0.2341440152598951,0.23418626827717737,0.19540947771098446,0.19540947771098446,0.1916242661448141,0.16593074599116894,0.09672853098458635,0.09669051175222074,0.09666011787819254,0.09655388963026926,0.0664981835413047,0.06513862633900441,0.06073191756131965,0.060746198463709045,0.0612564624784584,0.028814693634741227,0.028984968001190655,0.028938667855418106,0.028933293715644036,0.04789219073946095,0.047895500725689405,0.04793857221914776,0.047961796664129,0.04798172124904798,0.05412198391420912,0.0540043470991473,0.054026929831897635,0.054553049289891395,0.024121108874090136,0.02403827603503492,0.024019740139568955,0.024019740139568955,0.024015110631408525,0.04678449428189514,0.04678449428189514,0.04677754677754678,0.04677754677754678,0.046875,0.04716709807305148,0.04702508960573477,0.04541895066562255,0.044024710644038914,0.0440028388928318,0.039702581369248036,0.039702581369248036,0.038158984267181895,0.037986901068597034
1.4.1,0.0,0.0,0.0,0.0,0.0,0.0,0.0,0.0,0.0,0.0,0.0,0.0,0.0,0.0,0.0,0.0,0.0,0.0,0.0,0.0,0.0,0.0,0.0,0.0,0.0,0.8759796238244514,0.6131312191946433,0.5919904473224947,0.4421987315010571,0.4421987315010571,0.4228356336260979,0.41403450287523963,0.2612944569048382,0.2612944569048382,0.25882540441469437,0.25001984914648673,0.24389665797582366,0.24393711983569002,0.20405153678981683,0.20405153678981683,0.20155642023346304,0.17059457794208258,0.10155578140880306,0.10151609878086902,0.101484375,0.10137349773685032,0.06995367826018686,0.06859290580220813,0.06372701776254285,0.0637419153744253,0.06424733276224594,0.030328871751140112,0.03049979592593967,0.030451211380306736,0.030445572058224377,0.04908903403231351,0.04909240924092409,0.0491363292271695,0.049160011016248964,0.04918032786885246,0.05719756889517942,0.05707402176622082,0.05709773936170213,0.057617268576172685,0.025634096436706173,0.02554632194521391,0.025526679993848993,0.025526679993848993,0.02552177422454549,0.04955320877335499,0.04955320877335499,0.04954589086613011,0.04954589086613011,0.04964853866074732,0.04984624186512193,0.0496969696969697,0.048081008355756974,0.04668738522390168,0.04666431344864102,0.041937059521317425,0.041937059521317425,0.040365209034118214,0.0401920438957476
1.4.2,0.0,0.0,0.0,0.0,0.0,0.0,0.0,0.0,0.0,0.0,0.0,0.0,0.0,0.0,0.0,0.0,0.0,0.0,0.0,0.0,0.0,0.0,0.0,0.0,0.0,0.0,0.6786401539448365,0.6632569928487372,0.5005423445974134,0.5005423445974134,0.4786628146925299,0.4679661156345094,0.32798165137614677,0.32798165137614677,0.322369974034149,0.3083496667973344,0.3013965826636498,0.30142756845307744,0.21458141674333026,0.21458141674333026,0.21445042275172943,0.18129945222154595,0.10254034437495174,0.10250077184316148,0.10246913580246914,0.10235856328040696,0.06706986120803288,0.06573350862268966,0.060941828254847646,0.06095589933040868,0.061456811014537344,0.02919169953190078,0.02936077606875438,0.029314281505487223,0.029308884715932102,0.04821489289357361,0.048218171926006526,0.04826083997004969,0.04828384636338872,0.048303583594495166,0.056527812012160054,0.05657128802164467,0.056594488188976375,0.057107742728390004,0.02474772666231823,0.024663505659223005,0.024644658413571757,0.024644658413571757,0.02463995110211254,0.04926647689949639,0.04926647689949639,0.04925928628767423,0.04925928628767423,0.04936014625228519,0.04956515590751608,0.049418399718011985,0.047822433832796524,0.0464450342226568,0.04642233856893543,0.04175005175626251,0.04175005175626251,0.04019827527670265,0.04002713704206241
1.4.3,0.0,0.0,0.0,0.0,0.0,0.0,0.0,0.0,0.0,0.0,0.0,0.0,0.0,0.0,0.0,0.0,0.0,0.0,0.0,0.0,0.0,0.0,0.0,0.0,0.0,0.0,0.0,0.9585921325051759,0.7136472466081405,0.7136472466081405,0.6765402843601895,0.6641215365239295,0.4979907498673137,0.4979907498673137,0.4929832503395201,0.4700751879699248,0.4533752432270618,0.4533822208919485,0.3290161159761572,0.3290161159761572,0.3256362965695315,0.2692672949083206,0.14233847065797273,0.13976742463521222,0.13972602739726028,0.13706635106146906,0.0902395476863562,0.09053131493024637,0.08234251532383133,0.08236076229871472,0.08253358925143954,0.038083538083538086,0.038255713045993636,0.03819632477706776,0.038189431129078834,0.06183606557377049,0.06184012066365008,0.06189288527172486,0.06192133429640817,0.061945739998686196,0.06621579112928594,0.06623763930309214,0.06626364135981785,0.06643137254901961,0.030441972339146122,0.030340487695246658,0.030355204551409214,0.030355204551409214,0.03034952473617244,0.05734943141934578,0.05734943141934578,0.057341381246490734,0.057341381246490734,0.057454289732770746,0.05759803921568627,0.05750169721656483,0.055439401092601336,0.054094059072865505,0.05406859448554136,0.05134344240489492,0.05134344240489492,0.045246202200104765,0.04507687275106313
1.4.4,0.0,0.0,0.0,0.0,0.0,0.0,0.0,0.0,0.0,0.0,0.0,0.0,0.0,0.0,0.0,0.0,0.0,0.0,0.0,0.0,0.0,0.0,0.0,0.0,0.0,0.0,0.0,0.0,0.7424984207201516,0.7424984207201516,0.7011880569016726,0.6899828633743573,0.5188020716054943,0.5188020716054943,0.5136689572751718,0.48421914545183864,0.4674718435091879,0.4674766632093644,0.3387014501202361,0.3387014501202361,0.3367667470231573,0.2730232221659553,0.14475421863536317,0.1422075540887422,0.14216584793606568,0.13952977367611513,0.09273718326458456,0.09301983835415135,0.08489945155393053,0.08491808074897601,0.08508771929824561,0.039086659475008986,0.039258726160489386,0.039198074228433875,0.03919103383863783,0.06331253250130005,0.06331664824806604,0.06337020169160702,0.06339907570136041,0.06342384580321678,0.06894941634241245,0.06896551724137931,0.06899230828995416,0.06915554175721826,0.0314486575424426,0.03134434050165853,0.03135823619232058,0.03135823619232058,0.03135239797438189,0.05897079276773296,0.05897079276773296,0.0589625921290502,0.0589625921290502,0.05907760902884213,0.059168803130481715,0.05906889128094726,0.057014905420760646,0.05567780222711209,0.055651826179685414,0.05293342122610415,0.05293342122610415,0.04686485784759185,0.04669563525520462
1.5,0.0,0.0,0.0,0.0,0.0,0.0,0.0,0.0,0.0,0.0,0.0,0.0,0.0,0.0,0.0,0.0,0.0,0.0,0.0,0.0,0.0,0.0,0.0,0.0,0.0,0.0,0.0,0.0,0.0,0.9951477723864137,0.8939702883775124,0.8765243902439024,0.6822803449968445,0.6822803449968445,0.6756247382381684,0.6519621486223212,0.611265068588056,0.6112496536436686,0.461496487279176,0.461496487279176,0.45224584672181584,0.39014971885373617,0.21197144426139483,0.20956563507856996,0.20943952802359883,0.20738811596189433,0.11561251205732397,0.115754742919989,0.10497502224047081,0.10499657768651609,0.10514434259132577,0.04762070404897732,0.04779309384572542,0.04772166417573251,0.04771337225465666,0.07554221296409754,0.0755468414925556,0.07560706401766004,0.07563953131709711,0.07566738263270942,0.08166521612996809,0.08165629071955986,0.08168585704975016,0.08182607437418608,0.03829479768786127,0.03817206237170946,0.038180575047680736,0.038180575047680736,0.03817370655537166,0.06933019976498238,0.06933019976498238,0.06932114882506528,0.06932114882506528,0.06944807742610515,0.06884517766497462,0.06872547778762182,0.06698534499025095,0.0657044242234076,0.06567557395558901,0.062080953563446735,0.062080953563446735,0.055861478218306414,0.05569480956165556
1.5.0,0.0,0.0,0.0,0.0,0.0,0.0,0.0,0.0,0.0,0.0,0.0,0.0,0.0,0.0,0.0,0.0,0.0,0.0,0.0,0.0,0.0,0.0,0.0,0.0,0.0,0.0,0.0,0.0,0.0,0.0,0.8939702883775124,0.8765243902439024,0.6822803449968445,0.6822803449968445,0.6756247382381684,0.6519621486223212,0.611265068588056,0.6112496536436686,0.461496487279176,0.461496487279176,0.45224584672181584,0.39014971885373617,0.21197144426139483,0.20956563507856996,0.20943952802359883,0.20738811596189433,0.11561251205732397,0.115754742919989,0.10497502224047081,0.10499657768651609,0.10514434259132577,0.04762070404897732,0.04779309384572542,0.04772166417573251,0.04771337225465666,0.07554221296409754,0.0755468414925556,0.07560706401766004,0.07563953131709711,0.07566738263270942,0.08166521612996809,0.08165629071955986,0.08168585704975016,0.08182607437418608,0.03829479768786127,0.03817206237170946,0.038180575047680736,0.038180575047680736,0.03817370655537166,0.06933019976498238,0.06933019976498238,0.06932114882506528,0.06932114882506528,0.06944807742610515,0.06884517766497462,0.06872547778762182,0.06698534499025095,0.0657044242234076,0.06567557395558901,0.062080953563446735,0.062080953563446735,0.055861478218306414,0.05569480956165556
1.5.1,0.0,0.0,0.0,0.0,0.0,0.0,0.0,0.0,0.0,0.0,0.0,0.0,0.0,0.0,0.0,0.0,0.0,0.0,0.0,0.0,0.0,0.0,0.0,0.0,0.0,0.0,0.0,0.0,0.0,0.0,0.0,0.9727455774485834,0.7454659161976235,0.7454659161976235,0.7391394576646375,0.7114880706109502,0.6788656962372974,0.678841136894137,0.50415793387871,0.50415793387871,0.4973233041946195,0.43704250889799207,0.25534086270240847,0.2529415765490036,0.2521248385122731,0.2507302493037158,0.14135482108713465,0.13802970431938957,0.1271790002034864,0.12720488466757124,0.1273393002441009,0.05426276057898746,0.054438977060087324,0.05397737102522404,0.05396803431813464,0.08436664235351325,0.08437177071302657,0.08443849616741696,0.08447446899154037,0.08450532724505327,0.08966805575513723,0.08964429145152036,0.08967644737786068,0.08980791284403669,0.043401654081265735,0.04326319939782788,0.04287402843941402,0.04287402843941402,0.042866351525569404,0.07470222682547903,0.07470222682547903,0.07469255663430421,0.07469255663430421,0.07482816755284659,0.07281308999370674,0.07268390660306302,0.07068438455299769,0.06940553999377529,0.06937531110004977,0.06534055918216529,0.06534055918216529,0.059123467281777344,0.05895554072905926
1.5.2,0.0,0.0,0.0,0.0,0.0,0.0,0.0,0.0,0.0,0.0,0.0,0.0,0.0,0.0,0.0,0.0,0.0,0.0,0.0,0.0,0.0,0.0,0.0,0.0,0.0,0.0,0.0,0.0,0.0,0.0,0.0,0.0,0.7717353654312435,0.7717353654312435,0.7591034482758621,0.7322975388422934,0.6997535596933188,0.6997262149212868,0.514459049544995,0.514459049544995,0.5076684007837309,0.44439236692333445,0.25864875864875864,0.2562555095951719,0.2535421327367636,0.25404673213681,0.1431781045751634,0.14230403477788345,0.13146682897139378,0.1314935064935065,0.13162520281233098,0.0541802088375631,0.0543560999238807,0.05389531870789428,0.0538860103626943,0.08414161008729389,0.0841467111245832,0.08421308093677951,0.08424886191198785,0.08427955552856882,0.09067468844005157,0.09064912782384901,0.09068154187227348,0.09081166047442127,0.04333309399009119,0.04319507568979709,0.04280656581911812,0.04280656581911812,0.042798913043478264,0.07449005938548929,0.07449005938548929,0.0744804440428553,0.0744804440428553,0.07461528514160093,0.07261202460148111,0.07248372558838258,0.07049088533565608,0.06921596623005773,0.06918590220898486,0.06516398476845596,0.06516398476845596,0.05811841627315656,0.05795172705825419
1.6,0.0,0.0,0.0,0.0,0.0,0.0,0.0,0.0,0.0,0.0,0.0,0.0,0.0,0.0,0.0,0.0,0.0,0.0,0.0,0.0,0.0,0.0,0.0,0.0,0.0,0.0,0.0,0.0,0.0,0.0,0.0,0.0,0.0,0.9953083109919572,0.9763763763763764,0.9339365311689176,0.8904790300139137,0.8902947996025173,0.6557441253263707,0.6557441253263707,0.640259060578307,0.5691958495460441,0.32875812701123003,0.3270745798319328,0.3224599632449462,0.3211803278688525,0.1890199696829895,0.1863615440257776,0.160489785227868,0.16052131770253456,0.1606336322576422,0.06274016390655286,0.06285092047503998,0.062385321100917435,0.062374723968065225,0.09752075849478829,0.09752650176678446,0.0976012259091177,0.09764150943396227,0.09767606464551139,0.11594102581850903,0.11517999032681545,0.11521979541056124,0.11532352738070575,0.0486608560640813,0.04847333614746025,0.048087739032620924,0.048087739032620924,0.0480792886514603,0.08086624522751455,0.08086624522751455,0.08085612366230678,0.08085612366230678,0.08099805654817879,0.07887203849199098,0.07873154729360306,0.07651890324918469,0.07526816921778956,0.07523643154026866,0.07007812965945011,0.07007812965945011,0.06322413691701464,0.06305829807240244
1.6.0,0.0,0.0,0.0,0.0,0.0,0.0,0.0,0.0,0.0,0.0,0.0,0.0,0.0,0.0,0.0,0.0,0.0,0.0,0.0,0.0,0.0,0.0,0.0,0.0,0.0,0.0,0.0,0.0,0.0,0.0,0.0,0.0,0.0,0.0,0.9763763763763764,0.9339365311689176,0.8904790300139137,0.8902947996025173,0.6557441253263707,0.6557441253263707,0.640259060578307,0.5691958495460441,0.32875812701123003,0.3270745798319328,0.3224599632449462,0.3211803278688525,0.1890199696829895,0.1863615440257776,0.160489785227868,0.16052131770253456,0.1606336322576422,0.06274016390655286,0.06285092047503998,0.062385321100917435,0.062374723968065225,0.09752075849478829,0.09752650176678446,0.0976012259091177,0.09764150943396227,0.09767606464551139,0.11594102581850903,0.11517999032681545,0.11521979541056124,0.11532352738070575,0.0486608560640813,0.04847333614746025,0.048087739032620924,0.048087739032620924,0.0480792886514603,0.08086624522751455,0.08086624522751455,0.08085612366230678,0.08085612366230678,0.08099805654817879,0.07887203849199098,0.07873154729360306,0.07651890324918469,0.07526816921778956,0.07523643154026866,0.07007812965945011,0.07007812965945011,0.06322413691701464,0.06305829807240244
1.6.1,0.0,0.0,0.0,0.0,0.0,0.0,0.0,0.0,0.0,0.0,0.0,0.0,0.0,0.0,0.0,0.0,0.0,0.0,0.0,0.0,0.0,0.0,0.0,0.0,0.0,0.0,0.0,0.0,0.0,0.0,0.0,0.0,0.0,0.0,0.0,0.9527689454160042,0.9085631349782293,0.90844327176781,0.6685082872928176,0.6685082872928176,0.6509022213536577,0.5813367775266387,0.3408318074810358,0.3391514676080277,0.3342918763479511,0.3330068560235064,0.1950387189919937,0.1923782084861184,0.1665253961009324,0.16655797574018522,0.16666666666666666,0.06395901194353963,0.06407035175879397,0.06360400067808103,0.06359322033898306,0.09955414760061011,0.09955998826635377,0.0996359793330202,0.09967694566813509,0.09971208649156825,0.11659316427783903,0.11583436511211996,0.1158742172985619,0.11597690086621752,0.0478101675820307,0.047625732636086056,0.047241609090590254,0.047241609090590254,0.04723332632021881,0.07910484976935545,0.07910484976935545,0.07909498878085265,0.07909498878085265,0.07923326673326674,0.07716573647173017,0.07703013433377708,0.07531733140828972,0.07407407407407407,0.07404296171846873,0.06891634980988594,0.06891634980988594,0.06210452308413405,0.061940167437503656
1.6.2,0.0,0.0,0.0,0.0,0.0,0.0,0.0,0.0,0.0,0.0,0.0,0.0,0.0,0.0,0.0,0.0,0.0,0.0,0.0,0.0,0.0,0.0,0.0,0.0,0.0,0.0,0.0,0.0,0.0,0.0,0.0,0.0,0.0,0.0,0.0,0.0,0.9534990791896869,0.9533736682888334,0.708379236601646,0.708379236601646,0.6816262908358771,0.6036314467838516,0.3539574911983309,0.35227791175128725,0.3476901023001238,0.34639671896360913,0.19392829102329234,0.19127823475649564,0.16498732366898525,0.16501950585175554,0.1649337145827918,0.0630123992140389,0.06312292358803986,0.06265867776987916,0.06264807418939958,0.09799906388953897,0.09800479784681997,0.09807940039817309,0.0981196180657255,0.09815411661295048,0.11457617804643495,0.1138233680746023,0.11386240482886344,0.1137609649122807,0.04678383128295255,0.04660289428501349,0.04622010574599951,0.04622010574599951,0.04621201512393222,0.07738687220288414,0.07738687220288414,0.07737725295214419,0.07737725295214419,0.07751214045573403,0.07549909255898367,0.0753680907554912,0.07366968624392585,0.07243340317270279,0.07240306366682624,0.06730655290911246,0.06730655290911246,0.060535234311090334,0.06037251123956326
1.6.3,0.0,0.0,0.0,0.0,0.0,0.0,0.0,0.0,0.0,0.0,0.0,0.0,0.0,0.0,0.0,0.0,0.0,0.0,0.0,0.0,0.0,0.0,0.0,0.0,0.0,0.0,0.0,0.0,0.0,0.0,0.0,0.0,0.0,0.0,0.0,0.0,0.0,0.994498297091957,0.7397534370360808,0.7397534370360808,0.7136942881169546,0.6338100429679985,0.38162337662337664,0.37994157740993184,0.3738724122266208,0.3725604616481878,0.2117164081845432,0.20903771131339402,0.1770152152800259,0.17704960497344904,0.176957928802589,0.06923597025016903,0.06935047361299053,0.06887815424112421,0.06886652256146987,0.10772997551591465,0.10773625604850463,0.10770128354725787,0.10774528687328547,0.10778303263852397,0.12154582763337893,0.12078383176293869,0.12082508025408101,0.1207178927255357,0.05046997755331089,0.050277962309010174,0.04989343489046504,0.04989343489046504,0.04988472018444771,0.08402476780185758,0.08402476780185758,0.08401436354631006,0.08401436354631006,0.08416025800049616,0.08250964320154291,0.08236142839966334,0.08062877293646524,0.07938211963976859,0.07934899248837486,0.07420306965761511,0.07420306965761511,0.06736143455985096,0.06719413578451335
1.6.4,0.0,0.0,0.0,0.0,0.0,0.0,0.0,0.0,0.0,0.0,0.0,0.0,0.0,0.0,0.0,0.0,0.0,0.0,0.0,0.0,0.0,0.0,0.0,0.0,0.0,0.0,0.0,0.0,0.0,0.0,0.0,0.0,0.0,0.0,0.0,0.0,0.0,0.0,0.7397870280735721,0.7397870280735721,0.7137313239764569,0.6338570054504649,0.3817036748474224,0.3800220678912183,0.37395366945688147,0.3726418152350081,0.2118191295282773,0.209140553894162,0.17712177121771217,0.17715617715617715,0.17706445767538181,0.06929889797850045,0.06941343616805358,0.06894105725384225,0.06892941573792638,0.10789228258335276,0.10789857184494317,0.10786372651965932,0.1079077910709075,0.10794558935139238,0.12159759266858158,0.12083560895685418,0.12087686949395615,0.12076965065502183,0.050501508031142596,0.05030940810404503,0.049924885581525344,0.049924885581525344,0.04991616599133715,0.0840762753838534,0.0840762753838534,0.08406586603937105,0.08406586603937105,0.08421183182438298,0.08255996143184284,0.08241163741283962,0.08067889798601566,0.07943228576540044,0.07939914163090128,0.0742533349073309,0.0742533349073309,0.06741180579811387,0.06724448839509045
1.7,0.0,0.0,0.0,0.0,0.0,0.0,0.0,0.0,0.0,0.0,0.0,0.0,0.0,0.0,0.0,0.0,0.0,0.0,0.0,0.0,0.0,0.0,0.0,0.0,0.0,0.0,0.0,0.0,0.0,0.0,0.0,0.0,0.0,0.0,0.0,0.0,0.0,0.0,0.0,0.9955470737913485,0.9320413107229376,0.8508849557522123,0.4908171754015486,0.48957267144319344,0.48465080583269377,0.48,0.27033969048995055,0.2660985455244442,0.23232516590096988,0.23236964707384006,0.23225106844421764,0.09551447646525983,0.09564575150233323,0.09513912168957425,0.09512317747611865,0.14653932454979576,0.14654775604142692,0.14654229285426384,0.14660138248847926,0.14665206868733432,0.15983026874115983,0.1572648423317421,0.15731772935162766,0.15718029702304953,0.0671213333797279,0.06687942278340503,0.06648641153632834,0.06648641153632834,0.06647488995944963,0.10728460646027967,0.10716248397142333,0.10714939862018438,0.10714939862018438,0.1073940431777873,0.10107616386229859,0.10088369610343396,0.09794787121122774,0.09668118159350358,0.09664137403682137,0.08743519543309838,0.08743519543309838,0.08050336148939838,0.08032843362425356
1.7.0,0.0,0.0,0.0,0.0,0.0,0.0,0.0,0.0,0.0,0.0,0.0,0.0,0.0,0.0,0.0,0.0,0.0,0.0,0.0,0.0,0.0,0.0,0.0,0.0,0.0,0.0,0.0,0.0,0.0,0.0,0.0,0.0,0.0,0.0,0.0,0.0,0.0,0.0,0.0,0.0,0.9320413107229376,0.8508849557522123,0.4908171754015486,0.48957267144319344,0.48465080583269377,0.48,0.27033969048995055,0.2660985455244442,0.23232516590096988,0.23236964707384006,0.23225106844421764,0.09551447646525983,0.09564575150233323,0.09513912168957425,0.09512317747611865,0.14653932454979576,0.14654775604142692,0.14654229285426384,0.14660138248847926,0.14665206868733432,0.15983026874115983,0.1572648423317421,0.15731772935162766,0.15718029702304953,0.0671213333797279,0.06687942278340503,0.06648641153632834,0.06648641153632834,0.06647488995944963,0.10728460646027967,0.10716248397142333,0.10714939862018438,0.10714939862018438,0.1073940431777873,0.10107616386229859,0.10088369610343396,0.09794787121122774,0.09668118159350358,0.09664137403682137,0.08743519543309838,0.08743519543309838,0.08050336148939838,0.08032843362425356
1.7.1,0.0,0.0,0.0,0.0,0.0,0.0,0.0,0.0,0.0,0.0,0.0,0.0,0.0,0.0,0.0,0.0,0.0,0.0,0.0,0.0,0.0,0.0,0.0,0.0,0.0,0.0,0.0,0.0,0.0,0.0,0.0,0.0,0.0,0.0,0.0,0.0,0.0,0.0,0.0,0.0,0.0,0.9052958317496516,0.5283139870454692,0.5240415437876651,0.5196128701448532,0.5149205942622951,0.2832228586138104,0.27900854042252615,0.238713390459138,0.2387591941157659,0.2386370900722368,0.09938534914183993,0.09854468456962323,0.09803329305947107,0.09801684507231301,0.15253357929324957,0.15254237288135594,0.15254139502682743,0.1526030243564585,0.15265588914549655,0.16424762033349086,0.16166857604959903,0.16172306862612917,0.16158146426887587,0.06890785577425536,0.0676182538028756,0.0672242659818144,0.0672242659818144,0.06721260279676602,0.11001652083460808,0.10989414428195558,0.10988069746099725,0.10988069746099725,0.11013053870196728,0.10217456061960084,0.10197896238188625,0.09903096194753014,0.09775943396226415,0.09771910178581954,0.08766707523492676,0.08766707523492676,0.08071852150382866,0.08054309055344609
1.7.2,0.0,0.0,0.0,0.0,0.0,0.0,0.0,0.0,0.0,0.0,0.0,0.0,0.0,0.0,0.0,0.0,0.0,0.0,0.0,0.0,0.0,0.0,0.0,0.0,0.0,0.0,0.0,0.0,0.0,0.0,0.0,0.0,0.0,0.0,0.0,0.0,0.0,0.0,0.0,0.0,0.0,0.0,0.5775418070833598,0.5734172387490465,0.5704753431621759,0.5657777777777778,0.3061315638358961,0.3015216145667537,0.2635049454729901,0.26355507641575243,0.26342143626798503,0.11117798508710336,0.1103824405259812,0.10985633144002672,0.10983798229497244,0.17150048624220582,0.17151029748283753,0.17152344420907997,0.1715922107674685,0.17165119743325313,0.1834481835819897,0.1808588793161023,0.1809192944949225,0.18076229891195514,0.07677103921772599,0.07549778761061947,0.07516926903413017,0.07516926903413017,0.07515628777674162,0.12405170844207077,0.12393032712265582,0.12421870259117665,0.12421870259117665,0.12449091240654063,0.1163189313789231,0.11608985319261836,0.11120881697737132,0.10992160992160992,0.10987661540260804,0.09804830022586436,0.09804830022586436,0.0910129692052791,0.0908312400091345
1.8.0,0.0,0.0,0.0,0.0,0.0,0.0,0.0,0.0,0.0,0.0,0.0,0.0,0.0,0.0,0.0,0.0,0.0,0.0,0.0,0.0,0.0,0.0,0.0,0.0,0.0,0.0,0.0,0.0,0.0,0.0,0.0,0.0,0.0,0.0,0.0,0.0,0.0,0.0,0.0,0.0,0.0,0.0,0.0,0.9761245897419396,0.9663514122112848,0.9584752844378737,0.5814599483204135,0.5705814103390486,0.4975929135374543,0.49807395993836673,0.49069558521560575,0.20983374840142693,0.2097056644439954,0.20906614655143424,0.20903099993275503,0.3028111985192041,0.3039278070226182,0.3040407548917448,0.30416401227775525,0.3042697410347025,0.39209705842483394,0.38125845737483083,0.38071065989847713,0.37280227211252365,0.1607205194442505,0.16050113102488256,0.16004173187271778,0.16004173187271778,0.16001390820584144,0.2360599361336281,0.23593711618766888,0.23621515412010316,0.23621515412010316,0.23668347890269406,0.19968910677986368,0.19924856870229007,0.19075007411799585,0.1863795041713508,0.18612491128459902,0.16580766077076256,0.16580766077076256,0.15771230502599654,0.15747849679616693
1.8.1,0.0,0.0,0.0,0.0,0.0,0.0,0.0,0.0,0.0,0.0,0.0,0.0,0.0,0.0,0.0,0.0,0.0,0.0,0.0,0.0,0.0,0.0,0.0,0.0,0.0,0.0,0.0,0.0,0.0,0.0,0.0,0.0,0.0,0.0,0.0,0.0,0.0,0.0,0.0,0.0,0.0,0.0,0.0,0.0,0.9814124003087213,0.9733967356380928,0.5948982886664514,0.5839938140344094,0.5096894250513347,0.5102368269045633,0.5033036115209443,0.21652814697668157,0.21478837671302065,0.21414161791406092,0.21410562409654754,0.3126120395535766,0.31263011797362944,0.3127495804155333,0.3128763316350162,0.31298505733812115,0.40002710210718884,0.3891782211701048,0.38870094722598103,0.38126140742242953,0.16550905727548776,0.16527487821851078,0.16481223922114047,0.16481223922114047,0.16478359116982444,0.2441524955491436,0.24402971330345632,0.24430667239580137,0.24430667239580137,0.24478878435712967,0.2087143625605164,0.20825135634650926,0.1997036158861885,0.1953152726842541,0.19505705670194526,0.17465893787692488,0.17465893787692488,0.1664452786601213,0.16620498614958448
1.8.2,0.0,0.0,0.0,0.0,0.0,0.0,0.0,0.0,0.0,0.0,0.0,0.0,0.0,0.0,0.0,0.0,0.0,0.0,0.0,0.0,0.0,0.0,0.0,0.0,0.0,0.0,0.0,0.0,0.0,0.0,0.0,0.0,0.0,0.0,0.0,0.0,0.0,0.0,0.0,0.0,0.0,0.0,0.0,0.0,0.0,0.9813054092252345,0.6053973787849442,0.5944727179024673,0.5111624326404927,0.5117099775425088,0.5047777849034824,0.21767654678195336,0.2157021176312157,0.21505412492435957,0.21501798258882054,0.31068971497947623,0.3107076780758557,0.31082566684024765,0.31095160916878906,0.31105964099594674,0.4033732981101402,0.39137196565014537,0.39089556277056275,0.38345610596742585,0.16702146222299774,0.1667826328973003,0.16631900987345294,0.16631900987345294,0.16629010393131496,0.2427422819615786,0.24261952985944885,0.24289659404725375,0.24289659404725375,0.2433761603245835,0.20609501045712578,0.20563867199141683,0.19710797676899372,0.19272619751626258,0.19246911390908553,0.17461804132763567,0.17461804132763567,0.16640683642242624,0.1661666282021694
1.8.3,0.0,0.0,0.0,0.0,0.0,0.0,0.0,0.0,0.0,0.0,0.0,0.0,0.0,0.0,0.0,0.0,0.0,0.0,0.0,0.0,0.0,0.0,0.0,0.0,0.0,0.0,0.0,0.0,0.0,0.0,0.0,0.0,0.0,0.0,0.0,0.0,0.0,0.0,0.0,0.0,0.0,0.0,0.0,0.0,0.0,0.0,0.616203315487325,0.6051361266653794,0.519484681451096,0.5200333354702225,0.5129749471391043,0.22053334230083735,0.21856176599252952,0.21790994623655913,0.21787334117251805,0.31557968921495005,0.3155979202772964,0.3153726079666994,0.31550028918449974,0.3156098125433927,0.4138187724165934,0.397419442004999,0.39694553318015946,0.3893727634865978,0.16805608845791623,0.16941372835384935,0.16898325109458615,0.16898325109458615,0.1689538963971789,0.2482982768136383,0.24627460599742443,0.24655098411919799,0.24655098411919799,0.24703642282415086,0.20956475013433637,0.2091001131558573,0.20055660824253907,0.19623020562514773,0.19597188588978795,0.1781014213019828,0.1781014213019828,0.16800323083136215,0.16776202006226218
1.9.0,0.0,0.0,0.0,0.0,0.0,0.0,0.0,0.0,0.0,0.0,0.0,0.0,0.0,0.0,0.0,0.0,0.0,0.0,0.0,0.0,0.0,0.0,0.0,0.0,0.0,0.0,0.0,0.0,0.0,0.0,0.0,0.0,0.0,0.0,0.0,0.0,0.0,0.0,0.0,0.0,0.0,0.0,0.0,0.0,0.0,0.0,0.0,0.9572445019404916,0.8261513687600645,0.8254735214534209,0.8155183515775918,0.3501685772083614,0.34527665317139,0.34450695684398475,0.3444489355968742,0.5082395265173494,0.5084431033482273,0.5095238095238095,0.5097310172544007,0.5104318010112163,0.6631972789115647,0.6498030694010594,0.6477820800217376,0.6366906474820144,0.2760212646894236,0.2758272026777309,0.27434584160830633,0.27434584160830633,0.27429805615550756,0.3973505853357979,0.3974121996303142,0.3987185805815673,0.3987185805815673,0.3999012589484078,0.32263675623800386,0.321885844202465,0.3102730355124621,0.3019528699471716,0.30164946006882637,0.267978848413631,0.267978848413631,0.25579508576726934,0.2554867102901152
1.9.1,0.0,0.0,0.0,0.0,0.0,0.0,0.0,0.0,0.0,0.0,0.0,0.0,0.0,0.0,0.0,0.0,0.0,0.0,0.0,0.0,0.0,0.0,0.0,0.0,0.0,0.0,0.0,0.0,0.0,0.0,0.0,0.0,0.0,0.0,0.0,0.0,0.0,0.0,0.0,0.0,0.0,0.0,0.0,0.0,0.0,0.0,0.0,0.0,0.8656083295841636,0.8649395731550528,0.8560781290156773,0.36687546305650975,0.3618656062546337,0.36107278662045295,0.36101204494986877,0.5232221450081075,0.5234261886836161,0.5245160542482903,0.5247289383660927,0.5254335595383098,0.6780914890728926,0.6600948509485095,0.6580820060996272,0.6481581798483207,0.27946621952071543,0.2789831098728887,0.2775013050287106,0.2775013050287106,0.27745302713987474,0.3998401377274963,0.3999016232169208,0.4012049674166974,0.4012049674166974,0.4023894568296588,0.3185083203639411,0.3177692858848818,0.30596616206589494,0.29767193886618093,0.2973709142586452,0.2620499589539111,0.2620499589539111,0.24997108155002892,0.2496676876842166
1.10.0,0.0,0.0,0.0,0.0,0.0,0.0,0.0,0.0,0.0,0.0,0.0,0.0,0.0,0.0,0.0,0.0,0.0,0.0,0.0,0.0,0.0,0.0,0.0,0.0,0.0,0.0,0.0,0.0,0.0,0.0,0.0,0.0,0.0,0.0,0.0,0.0,0.0,0.0,0.0,0.0,0.0,0.0,0.0,0.0,0.0,0.0,0.0,0.0,0.0,0.9888611484540042,0.9831083242689871,0.4227628616552976,0.4179696694576146,0.4173997716741656,0.41732970759055965,0.6077424565857036,0.6079506115855066,0.606559270165714,0.6068045286506469,0.6075349589737663,0.7401175755118589,0.7587858347386172,0.756140350877193,0.749477516348682,0.3232023979645185,0.32102154273801253,0.31972222222222224,0.31972222222222224,0.31966672452699185,0.450241900912487,0.45152795639659504,0.45300349029453185,0.45300349029453185,0.45427221983683985,0.36431936080138333,0.36299292214357937,0.3458308693081017,0.3367166292930485,0.336577596885507,0.29411764705882354,0.29411764705882354,0.28210890233362146,0.2817825886688162
1.10.1,0.0,0.0,0.0,0.0,0.0,0.0,0.0,0.0,0.0,0.0,0.0,0.0,0.0,0.0,0.0,0.0,0.0,0.0,0.0,0.0,0.0,0.0,0.0,0.0,0.0,0.0,0.0,0.0,0.0,0.0,0.0,0.0,0.0,0.0,0.0,0.0,0.0,0.0,0.0,0.0,0.0,0.0,0.0,0.0,0.0,0.0,0.0,0.0,0.0,0.0,0.9850249584026622,0.42421696464578573,0.419424266881894,0.41885221128983513,0.41878189632017193,0.608597807270629,0.6088060476657626,0.6074151074151074,0.6076607545207695,0.6083916083916084,0.7389835090565018,0.7561732559708542,0.7586555982992509,0.7519892110586649,0.3247002230897936,0.3225145081141189,0.32121401534882105,0.32121401534882105,0.3211582528991042,0.45112091142962146,0.4524072032341051,0.4538829005389515,0.4538829005389515,0.45515337423312885,0.3651598282442748,0.36383105294467577,0.34666114627077543,0.33754352830077317,0.3374041297935103,0.2949287216639402,0.2949287216639402,0.2829068695251268,0.2825799021019292
1.10.2,0.0,0.0,0.0,0.0,0.0,0.0,0.0,0.0,0.0,0.0,0.0,0.0,0.0,0.0,0.0,0.0,0.0,0.0,0.0,0.0,0.0,0.0,0.0,0.0,0.0,0.0,0.0,0.0,0.0,0.0,0.0,0.0,0.0,0.0,0.0,0.0,0.0,0.0,0.0,0.0,0.0,0.0,0.0,0.0,0.0,0.0,0.0,0.0,0.0,0.0,0.0,0.4282354522241634,0.4232450242065627,0.42266760667405245,0.42259667024704617,0.6106240627523359,0.610832323931476,0.609443546525052,0.6096899000981695,0.6104211195193807,0.7325722777627668,0.749763991908294,0.7522428330522766,0.7586601967920205,0.3288611653192082,0.3264547507382317,0.32515188335358447,0.32515188335358447,0.3250954529677195,0.4532876209134321,0.45457328272315417,0.45604799216454456,0.45604799216454456,0.4573215599705666,0.36820457796852646,0.36686883101438933,0.349689624593556,0.3405698778833107,0.3404292959075363,0.29695164681149266,0.29695164681149266,0.2849078341013825,0.28457951994474184
1.11.0,0.0,0.0,0.0,0.0,0.0,0.0,0.0,0.0,0.0,0.0,0.0,0.0,0.0,0.0,0.0,0.0,0.0,0.0,0.0,0.0,0.0,0.0,0.0,0.0,0.0,0.0,0.0,0.0,0.0,0.0,0.0,0.0,0.0,0.0,0.0,0.0,0.0,0.0,0.0,0.0,0.0,0.0,0.0,0.0,0.0,0.0,0.0,0.0,0.0,0.0,0.0,0.0,0.35579158499339014,0.3544868729649111,0.3538773279905287,0.40714376509469935,0.40725204182159086,0.4061486615374833,0.40623906890959394,0.4066028434210108,0.32556853528720536,0.33390883977900554,0.33534795372129167,0.33944352388842863,0.2628309905197777,0.25972270767796807,0.25822755327821123,0.25822755327821123,0.25689333954354915,0.2847295168067227,0.28535320378151263,0.28595811724545395,0.28595811724545395,0.28648400026282933,0.22872581375784637,0.22857696781698333,0.2188436141085521,0.2119301180785689,0.2112712300566135,0.1863441479490625,0.1863441479490625,0.18167672276913305,0.18153826619687013
1.11.1,0.0,0.0,0.0,0.0,0.0,0.0,0.0,0.0,0.0,0.0,0.0,0.0,0.0,0.0,0.0,0.0,0.0,0.0,0.0,0.0,0.0,0.0,0.0,0.0,0.0,0.0,0.0,0.0,0.0,0.0,0.0,0.0,0.0,0.0,0.0,0.0,0.0,0.0,0.0,0.0,0.0,0.0,0.0,0.0,0.0,0.0,0.0,0.0,0.0,0.0,0.0,0.0,0.0,0.37870469508166843,0.37809211425447586,0.42495548206563216,0.42506439405984675,0.42396767831011006,0.4240621121965189,0.424111263167945,0.3227848101265823,0.3310297166551486,0.3324693278036979,0.33636175210722674,0.2593561650235948,0.26541554959785524,0.2638937434463474,0.2638937434463474,0.26255824790307547,0.2924714229404809,0.29309551964262254,0.2937660119555935,0.2937660119555935,0.29429942797028075,0.23211163634008936,0.23195809622348681,0.22220789685737308,0.21528605003058499,0.21462598171752284,0.18867260037139016,0.18867260037139016,0.1840482999682237,0.1839087761649144
1.11.2,0.0,0.0,0.0,0.0,0.0,0.0,0.0,0.0,0.0,0.0,0.0,0.0,0.0,0.0,0.0,0.0,0.0,0.0,0.0,0.0,0.0,0.0,0.0,0.0,0.0,0.0,0.0,0.0,0.0,0.0,0.0,0.0,0.0,0.0,0.0,0.0,0.0,0.0,0.0,0.0,0.0,0.0,0.0,0.0,0.0,0.0,0.0,0.0,0.0,0.0,0.0,0.0,0.0,0.0,0.37931505290704287,0.4261217490711632,0.4262305493807558,0.42513581345109125,0.4252303781379091,0.425279684719044,0.3223400214110578,0.3305730945726805,0.3320104907170957,0.3358973474526577,0.25879250390907604,0.26484698868135453,0.2645374551887891,0.2645374551887891,0.2632032213765333,0.29235411814871914,0.2929773346016335,0.2936468890419496,0.2936468890419496,0.29417944256590395,0.23211225710498237,0.2319589293209777,0.2222222222222222,0.2153099279835391,0.21465076660988075,0.18873293474438085,0.18873293474438085,0.18411449243169487,0.18397513163737866
1.11.3,0.0,0.0,0.0,0.0,0.0,0.0,0.0,0.0,0.0,0.0,0.0,0.0,0.0,0.0,0.0,0.0,0.0,0.0,0.0,0.0,0.0,0.0,0.0,0.0,0.0,0.0,0.0,0.0,0.0,0.0,0.0,0.0,0.0,0.0,0.0,0.0,0.0,0.0,0.0,0.0,0.0,0.0,0.0,0.0,0.0,0.0,0.0,0.0,0.0,0.0,0.0,0.0,0.0,0.0,0.0,0.4260541021082042,0.42616288299730115,0.4250682929928213,0.4251628276409849,0.4252121135085322,0.32228437262619986,0.3305160756174969,0.3319532139530069,0.33583942612774176,0.2574555467400943,0.26351209743147896,0.2632032213765333,0.2632032213765333,0.26470862036864645,0.292306178669815,0.29292929292929293,0.2935987407358825,0.2935987407358825,0.2941311626074969,0.23207473976853948,0.23192148760330578,0.22218646413284845,0.21527532225401008,0.2146162745854223,0.18870276836519403,0.18870276836519403,0.18408528459927662,0.18394595794614824
1.12.0,0.0,0.0,0.0,0.0,0.0,0.0,0.0,0.0,0.0,0.0,0.0,0.0,0.0,0.0,0.0,0.0,0.0,0.0,0.0,0.0,0.0,0.0,0.0,0.0,0.0,0.0,0.0,0.0,0.0,0.0,0.0,0.0,0.0,0.0,0.0,0.0,0.0,0.0,0.0,0.0,0.0,0.0,0.0,0.0,0.0,0.0,0.0,0.0,0.0,0.0,0.0,0.0,0.0,0.0,0.0,0.0,0.9505278084134237,0.9427685516081564,0.9411177120025235,0.938785169602945,0.46904531136418703,0.47973872021289465,0.48012583943372256,0.4821666062144843,0.2973026315789474,0.30775033618682146,0.31056409584057165,0.3082369136975974,0.3081864062397588,0.6598846878811399,0.6594966182503603,0.6567627494456763,0.6562084257206209,0.653175660670664,0.533008658008658,0.5319619911456647,0.5099629410816907,0.49343339587242024,0.4926588790054657,0.4403547907371999,0.4403547907371999,0.42572387746537976,0.4253289301252818
1.12.1,0.0,0.0,0.0,0.0,0.0,0.0,0.0,0.0,0.0,0.0,0.0,0.0,0.0,0.0,0.0,0.0,0.0,0.0,0.0,0.0,0.0,0.0,0.0,0.0,0.0,0.0,0.0,0.0,0.0,0.0,0.0,0.0,0.0,0.0,0.0,0.0,0.0,0.0,0.0,0.0,0.0,0.0,0.0,0.0,0.0,0.0,0.0,0.0,0.0,0.0,0.0,0.0,0.0,0.0,0.0,0.0,0.0,0.9490723708414358,0.9474237644584648,0.9450930893026191,0.4692554673774762,0.47994919252404283,0.48033639883833495,0.48237712351127504,0.29741109904931085,0.3078588297034899,0.3106726104628294,0.3083453520388095,0.3082948251564907,0.6609746631923269,0.665798081720907,0.6630633627141194,0.6625090082598813,0.6594858697462662,0.5335786568537259,0.5325306408941202,0.5105274465570953,0.4940495336120939,0.49327474411875033,0.4409624475487332,0.4409624475487332,0.42632324398048577,0.4259278674774586
1.12.2,0.0,0.0,0.0,0.0,0.0,0.0,0.0,0.0,0.0,0.0,0.0,0.0,0.0,0.0,0.0,0.0,0.0,0.0,0.0,0.0,0.0,0.0,0.0,0.0,0.0,0.0,0.0,0.0,0.0,0.0,0.0,0.0,0.0,0.0,0.0,0.0,0.0,0.0,0.0,0.0,0.0,0.0,0.0,0.0,0.0,0.0,0.0,0.0,0.0,0.0,0.0,0.0,0.0,0.0,0.0,0.0,0.0,0.0,0.9550165728415847,0.9526867006999632,0.47029222747665816,0.48099273607748183,0.48138056312443234,0.48342207163601164,0.29770288948858026,0.30808859721082854,0.31090342679127725,0.30857517625840303,0.3085245901639344,0.6574012427873945,0.6622281402574345,0.6671474536780206,0.6665926994341507,0.6635737304144905,0.5357955160836131,0.534741733304517,0.5106691749529696,0.49417949680811113,0.4934041184041184,0.4410545338577655,0.4410545338577655,0.42640419947506564,0.42600849813775377
1.12.3,0.0,0.0,0.0,0.0,0.0,0.0,0.0,0.0,0.0,0.0,0.0,0.0,0.0,0.0,0.0,0.0,0.0,0.0,0.0,0.0,0.0,0.0,0.0,0.0,0.0,0.0,0.0,0.0,0.0,0.0,0.0,0.0,0.0,0.0,0.0,0.0,0.0,0.0,0.0,0.0,0.0,0.0,0.0,0.0,0.0,0.0,0.0,0.0,0.0,0.0,0.0,0.0,0.0,0.0,0.0,0.0,0.0,0.0,0.0,0.9543013583236811,0.47049190271122704,0.48119663295585297,0.48158468621274536,0.48362689909811757,0.29777148688238586,0.3081593803334646,0.31097480976121755,0.30864602466544216,0.30859541534122586,0.6577676638730088,0.6625964366986735,0.6675176202896942,0.6680725900438426,0.6650547495970207,0.5350235657402893,0.5339711366953138,0.5098935369394558,0.49339916282065044,0.4926237862775602,0.4402616047216462,0.4402616047216462,0.42561571181011393,0.42522040302267
1.12.4,0.0,0.0,0.0,0.0,0.0,0.0,0.0,0.0,0.0,0.0,0.0,0.0,0.0,0.0,0.0,0.0,0.0,0.0,0.0,0.0,0.0,0.0,0.0,0.0,0.0,0.0,0.0,0.0,0.0,0.0,0.0,0.0,0.0,0.0,0.0,0.0,0.0,0.0,0.0,0.0,0.0,0.0,0.0,0.0,0.0,0.0,0.0,0.0,0.0,0.0,0.0,0.0,0.0,0.0,0.0,0.0,0.0,0.0,0.0,0.0,0.4712092712820824,0.48191676258556976,0.48230517513028726,0.48434756282167724,0.2981266256214401,0.308515527542512,0.31133127747523126,0.30900203398727116,0.3089513563158067,0.6560435289545278,0.6608739103880962,0.6657969244434575,0.6663520790540165,0.6657770364192382,0.5351975288570964,0.5341443633414437,0.5100580895008606,0.4935580846038222,0.4927823987121009,0.44040210627094306,0.44040210627094306,0.42574985554446604,0.4253543307086614
2.0.0,0.0,0.0,0.0,0.0,0.0,0.0,0.0,0.0,0.0,0.0,0.0,0.0,0.0,0.0,0.0,0.0,0.0,0.0,0.0,0.0,0.0,0.0,0.0,0.0,0.0,0.0,0.0,0.0,0.0,0.0,0.0,0.0,0.0,0.0,0.0,0.0,0.0,0.0,0.0,0.0,0.0,0.0,0.0,0.0,0.0,0.0,0.0,0.0,0.0,0.0,0.0,0.0,0.0,0.0,0.0,0.0,0.0,0.0,0.0,0.0,0.0,0.9566428571428571,0.9557699178277956,0.942818389491719,0.3941362233546257,0.3900196744768378,0.3874888293118856,0.3874888293118856,0.3874195854181558,0.5519865841073271,0.5533410732714138,0.552366825744873,0.552366825744873,0.5539475384416591,0.44895271541452403,0.44733550162621966,0.4325769350326391,0.41616525029464674,0.415984623015873,0.3666993985516141,0.3666993985516141,0.34767090139140955,0.3472767938100707
2.0.1,0.0,0.0,0.0,0.0,0.0,0.0,0.0,0.0,0.0,0.0,0.0,0.0,0.0,0.0,0.0,0.0,0.0,0.0,0.0,0.0,0.0,0.0,0.0,0.0,0.0,0.0,0.0,0.0,0.0,0.0,0.0,0.0,0.0,0.0,0.0,0.0,0.0,0.0,0.0,0.0,0.0,0.0,0.0,0.0,0.0,0.0,0.0,0.0,0.0,0.0,0.0,0.0,0.0,0.0,0.0,0.0,0.0,0.0,0.0,0.0,0.0,0.0,0.9880179730404394,0.9792646430098333,0.41115732109565467,0.40473892998820626,0.4021284954108782,0.4021284954108782,0.40205670213525674,0.5688345138441726,0.5701867353509337,0.5692119495235642,0.5692119495235642,0.5708204334365325,0.4565489606811921,0.4549144498563757,0.4410030414002855,0.42410354864680744,0.42391977219264576,0.37193627450980393,0.37193627450980393,0.3528630103889828,0.35246544752248177
2.0.2,0.0,0.0,0.0,0.0,0.0,0.0,0.0,0.0,0.0,0.0,0.0,0.0,0.0,0.0,0.0,0.0,0.0,0.0,0.0,0.0,0.0,0.0,0.0,0.0,0.0,0.0,0.0,0.0,0.0,0.0,0.0,0.0,0.0,0.0,0.0,0.0,0.0,0.0,0.0,0.0,0.0,0.0,0.0,0.0,0.0,0.0,0.0,0.0,0.0,0.0,0.0,0.0,0.0,0.0,0.0,0.0,0.0,0.0,0.0,0.0,0.0,0.0,0.0,0.9813956803763633,0.4126653996485818,0.4062410637689448,0.4036290898699814,0.4036290898699814,0.40355701582086356,0.5701771336553946,0.5715297906602255,0.5705545179364977,0.5705545179364977,0.5721659461900768,0.45781925220767833,0.45618089824473734,0.44225754377250714,0.42504026762482966,0.42485602823704255,0.3728470732454796,0.3728470732454796,0.35375506011721347,0.3533566771311277
2.0.3,0.0,0.0,0.0,0.0,0.0,0.0,0.0,0.0,0.0,0.0,0.0,0.0,0.0,0.0,0.0,0.0,0.0,0.0,0.0,0.0,0.0,0.0,0.0,0.0,0.0,0.0,0.0,0.0,0.0,0.0,0.0,0.0,0.0,0.0,0.0,0.0,0.0,0.0,0.0,0.0,0.0,0.0,0.0,0.0,0.0,0.0,0.0,0.0,0.0,0.0,0.0,0.0,0.0,0.0,0.0,0.0,0.0,0.0,0.0,0.0,0.0,0.0,0.0,0.0,0.41774193548387095,0.4113044410304048,0.4086900639080296,0.4086900639080296,0.40861712001142286,0.5772300167331703,0.5785815420260008,0.5776061776061776,0.5776061776061776,0.5792289840123775,0.4564455569461827,0.45481213331668957,0.4409082449283454,0.42370783039306714,0.42352431629748793,0.3705903968642822,0.3705903968642822,0.3515455204056991,0.3511491826024009
2.1.0,0.0,0.0,0.0,0.0,0.0,0.0,0.0,0.0,0.0,0.0,0.0,0.0,0.0,0.0,0.0,0.0,0.0,0.0,0.0,0.0,0.0,0.0,0.0,0.0,0.0,0.0,0.0,0.0,0.0,0.0,0.0,0.0,0.0,0.0,0.0,0.0,0.0,0.0,0.0,0.0,0.0,0.0,0.0,0.0,0.0,0.0,0.0,0.0,0.0,0.0,0.0,0.0,0.0,0.0,0.0,0.0,0.0,0.0,0.0,0.0,0.0,0.0,0.0,0.0,0.0,0.33878175257485604,0.33489383046313326,0.33489383046313326,0.3342567825754681,0.35974282215267384,0.3594706762824874,0.35811959997278725,0.35811959997278725,0.35846101464078994,0.28503921174341446,0.28497322623828647,0.2765787103445975,0.26401892513244263,0.26289140572951364,0.23209434837341814,0.23209434837341814,0.22293077378213136,0.22276983735830458
2.1.1,0.0,0.0,0.0,0.0,0.0,0.0,0.0,0.0,0.0,0.0,0.0,0.0,0.0,0.0,0.0,0.0,0.0,0.0,0.0,0.0,0.0,0.0,0.0,0.0,0.0,0.0,0.0,0.0,0.0,0.0,0.0,0.0,0.0,0.0,0.0,0.0,0.0,0.0,0.0,0.0,0.0,0.0,0.0,0.0,0.0,0.0,0.0,0.0,0.0,0.0,0.0,0.0,0.0,0.0,0.0,0.0,0.0,0.0,0.0,0.0,0.0,0.0,0.0,0.0,0.0,0.0,0.3454571455810849,0.3454571455810849,0.34482019017659254,0.3713074444632864,0.37103612006104797,0.369179638484756,0.369179638484756,0.3695305339624563,0.29054031476593045,0.29046681570956656,0.28207942526441826,0.2687196863995748,0.2675944069879438,0.23583815028901733,0.23583815028901733,0.22673789780734818,0.22657580919931858
2.1.2,0.0,0.0,0.0,0.0,0.0,0.0,0.0,0.0,0.0,0.0,0.0,0.0,0.0,0.0,0.0,0.0,0.0,0.0,0.0,0.0,0.0,0.0,0.0,0.0,0.0,0.0,0.0,0.0,0.0,0.0,0.0,0.0,0.0,0.0,0.0,0.0,0.0,0.0,0.0,0.0,0.0,0.0,0.0,0.0,0.0,0.0,0.0,0.0,0.0,0.0,0.0,0.0,0.0,0.0,0.0,0.0,0.0,0.0,0.0,0.0,0.0,0.0,0.0,0.0,0.0,0.0,0.0,0.3501524680769964,0.34941997570329436,0.3748517200474496,0.37458057956278595,0.3727251160741519,0.3727251160741519,0.37307914108348317,0.2938524727017731,0.29377438394077826,0.2854151432559995,0.2715623132594117,0.2716651730890504,0.23994058425482753,0.23994058425482753,0.23097834987389865,0.23081456259821898
2.1.3,0.0,0.0,0.0,0.0,0.0,0.0,0.0,0.0,0.0,0.0,0.0,0.0,0.0,0.0,0.0,0.0,0.0,0.0,0.0,0.0,0.0,0.0,0.0,0.0,0.0,0.0,0.0,0.0,0.0,0.0,0.0,0.0,0.0,0.0,0.0,0.0,0.0,0.0,0.0,0.0,0.0,0.0,0.0,0.0,0.0,0.0,0.0,0.0,0.0,0.0,0.0,0.0,0.0,0.0,0.0,0.0,0.0,0.0,0.0,0.0,0.0,0.0,0.0,0.0,0.0,0.0,0.0,0.0,0.35146852147400015,0.3748517200474496,0.37458057956278595,0.3727251160741519,0.3727251160741519,0.37307914108348317,0.2938524727017731,0.29377438394077826,0.2854151432559995,0.2715623132594117,0.2716651730890504,0.23994058425482753,0.23994058425482753,0.23097834987389865,0.23081456259821898
2.1.4,0.0,0.0,0.0,0.0,0.0,0.0,0.0,0.0,0.0,0.0,0.0,0.0,0.0,0.0,0.0,0.0,0.0,0.0,0.0,0.0,0.0,0.0,0.0,0.0,0.0,0.0,0.0,0.0,0.0,0.0,0.0,0.0,0.0,0.0,0.0,0.0,0.0,0.0,0.0,0.0,0.0,0.0,0.0,0.0,0.0,0.0,0.0,0.0,0.0,0.0,0.0,0.0,0.0,0.0,0.0,0.0,0.0,0.0,0.0,0.0,0.0,0.0,0.0,0.0,0.0,0.0,0.0,0.0,0.0,0.3747882073873263,0.374517112843104,0.37266196801301166,0.37266196801301166,0.373015873015873,0.2938034188034188,0.29372541174901645,0.28536771792230237,0.27151724366847013,0.27162009690051103,0.2399009900990099,0.2399009900990099,0.23094052921142258,0.2307767848374742
2.2.0,0.0,0.0,0.0,0.0,0.0,0.0,0.0,0.0,0.0,0.0,0.0,0.0,0.0,0.0,0.0,0.0,0.0,0.0,0.0,0.0,0.0,0.0,0.0,0.0,0.0,0.0,0.0,0.0,0.0,0.0,0.0,0.0,0.0,0.0,0.0,0.0,0.0,0.0,0.0,0.0,0.0,0.0,0.0,0.0,0.0,0.0,0.0,0.0,0.0,0.0,0.0,0.0,0.0,0.0,0.0,0.0,0.0,0.0,0.0,0.0,0.0,0.0,0.0,0.0,0.0,0.0,0.0,0.0,0.0,0.0,0.9399436421275097,0.9287391406433435,0.9281521483916413,0.924035747883349,0.7300869764248111,0.7290786619477109,0.7004257734885041,0.674352727890771,0.6741420319401971,0.6107495511669659,0.6107495511669659,0.5851605758582503,0.584629004592486
2.2.1,0.0,0.0,0.0,0.0,0.0,0.0,0.0,0.0,0.0,0.0,0.0,0.0,0.0,0.0,0.0,0.0,0.0,0.0,0.0,0.0,0.0,0.0,0.0,0.0,0.0,0.0,0.0,0.0,0.0,0.0,0.0,0.0,0.0,0.0,0.0,0.0,0.0,0.0,0.0,0.0,0.0,0.0,0.0,0.0,0.0,0.0,0.0,0.0,0.0,0.0,0.0,0.0,0.0,0.0,0.0,0.0,0.0,0.0,0.0,0.0,0.0,0.0,0.0,0.0,0.0,0.0,0.0,0.0,0.0,0.0,0.0,0.9408898802535807,0.9403028880018783,0.9362064910630291,0.7252803845273518,0.7239410891654299,0.6953164916264547,0.672879723528412,0.6723864537320194,0.6090103231597845,0.6090103231597845,0.5844407530454042,0.5839096995518176
2.2.2,0.0,0.0,0.0,0.0,0.0,0.0,0.0,0.0,0.0,0.0,0.0,0.0,0.0,0.0,0.0,0.0,0.0,0.0,0.0,0.0,0.0,0.0,0.0,0.0,0.0,0.0,0.0,0.0,0.0,0.0,0.0,0.0,0.0,0.0,0.0,0.0,0.0,0.0,0.0,0.0,0.0,0.0,0.0,0.0,0.0,0.0,0.0,0.0,0.0,0.0,0.0,0.0,0.0,0.0,0.0,0.0,0.0,0.0,0.0,0.0,0.0,0.0,0.0,0.0,0.0,0.0,0.0,0.0,0.0,0.0,0.0,0.0,0.9514027468012678,0.9473251028806584,0.7296601441812565,0.728310502283105,0.6977919055457796,0.6753526312808021,0.6748584371460928,0.611129810389319,0.611129810389319,0.5865352674122467,0.5860027662517289
2.2.3,0.0,0.0,0.0,0.0,0.0,0.0,0.0,0.0,0.0,0.0,0.0,0.0,0.0,0.0,0.0,0.0,0.0,0.0,0.0,0.0,0.0,0.0,0.0,0.0,0.0,0.0,0.0,0.0,0.0,0.0,0.0,0.0,0.0,0.0,0.0,0.0,0.0,0.0,0.0,0.0,0.0,0.0,0.0,0.0,0.0,0.0,0.0,0.0,0.0,0.0,0.0,0.0,0.0,0.0,0.0,0.0,0.0,0.0,0.0,0.0,0.0,0.0,0.0,0.0,0.0,0.0,0.0,0.0,0.0,0.0,0.0,0.0,0.0,0.9479129923574368,0.7302322920242591,0.7288812785388128,0.6983595390815689,0.6759191072338979,0.6754246885617214,0.6116907887355548,0.6116907887355548,0.587088915956151,0.5865560165975103
2.2.4,0.0,0.0,0.0,0.0,0.0,0.0,0.0,0.0,0.0,0.0,0.0,0.0,0.0,0.0,0.0,0.0,0.0,0.0,0.0,0.0,0.0,0.0,0.0,0.0,0.0,0.0,0.0,0.0,0.0,0.0,0.0,0.0,0.0,0.0,0.0,0.0,0.0,0.0,0.0,0.0,0.0,0.0,0.0,0.0,0.0,0.0,0.0,0.0,0.0,0.0,0.0,0.0,0.0,0.0,0.0,0.0,0.0,0.0,0.0,0.0,0.0,0.0,0.0,0.0,0.0,0.0,0.0,0.0,0.0,0.0,0.0,0.0,0.0,0.0,0.7374785100286533,0.7361079350560256,0.7054977542782421,0.6830070921985816,0.6825090744101633,0.6183840880997865,0.6183840880997865,0.5936564267494732,0.5931179697456641
3.0.0,0.0,0.0,0.0,0.0,0.0,0.0,0.0,0.0,0.0,0.0,0.0,0.0,0.0,0.0,0.0,0.0,0.0,0.0,0.0,0.0,0.0,0.0,0.0,0.0,0.0,0.0,0.0,0.0,0.0,0.0,0.0,0.0,0.0,0.0,0.0,0.0,0.0,0.0,0.0,0.0,0.0,0.0,0.0,0.0,0.0,0.0,0.0,0.0,0.0,0.0,0.0,0.0,0.0,0.0,0.0,0.0,0.0,0.0,0.0,0.0,0.0,0.0,0.0,0.0,0.0,0.0,0.0,0.0,0.0,0.0,0.0,0.0,0.0,0.0,0.0,0.9456570155902004,0.9222462203023758,0.896313491405516,0.8970165745856353,0.8260155480127012,0.8260155480127012,0.81012863474219,0.8098838779368079
3.1.0,0.0,0.0,0.0,0.0,0.0,0.0,0.0,0.0,0.0,0.0,0.0,0.0,0.0,0.0,0.0,0.0,0.0,0.0,0.0,0.0,0.0,0.0,0.0,0.0,0.0,0.0,0.0,0.0,0.0,0.0,0.0,0.0,0.0,0.0,0.0,0.0,0.0,0.0,0.0,0.0,0.0,0.0,0.0,0.0,0.0,0.0,0.0,0.0,0.0,0.0,0.0,0.0,0.0,0.0,0.0,0.0,0.0,0.0,0.0,0.0,0.0,0.0,0.0,0.0,0.0,0.0,0.0,0.0,0.0,0.0,0.0,0.0,0.0,0.0,0.0,0.0,0.9212111166362782,0.8953405017921147,0.8960423327086319,0.8251037797684072,0.8251037797684072,0.8092644521138913,0.8090208546640082
3.1.1,0.0,0.0,0.0,0.0,0.0,0.0,0.0,0.0,0.0,0.0,0.0,0.0,0.0,0.0,0.0,0.0,0.0,0.0,0.0,0.0,0.0,0.0,0.0,0.0,0.0,0.0,0.0,0.0,0.0,0.0,0.0,0.0,0.0,0.0,0.0,0.0,0.0,0.0,0.0,0.0,0.0,0.0,0.0,0.0,0.0,0.0,0.0,0.0,0.0,0.0,0.0,0.0,0.0,0.0,0.0,0.0,0.0,0.0,0.0,0.0,0.0,0.0,0.0,0.0,0.0,0.0,0.0,0.0,0.0,0.0,0.0,0.0,0.0,0.0,0.0,0.0,0.0,0.9157525230364195,0.9164427874335216,0.8503667481662591,0.8503667481662591,0.8354702000965614,0.8352096065187091
3.2.0,0.0,0.0,0.0,0.0,0.0,0.0,0.0,0.0,0.0,0.0,0.0,0.0,0.0,0.0,0.0,0.0,0.0,0.0,0.0,0.0,0.0,0.0,0.0,0.0,0.0,0.0,0.0,0.0,0.0,0.0,0.0,0.0,0.0,0.0,0.0,0.0,0.0,0.0,0.0,0.0,0.0,0.0,0.0,0.0,0.0,0.0,0.0,0.0,0.0,0.0,0.0,0.0,0.0,0.0,0.0,0.0,0.0,0.0,0.0,0.0,0.0,0.0,0.0,0.0,0.0,0.0,0.0,0.0,0.0,0.0,0.0,0.0,0.0,0.0,0.0,0.0,0.0,0.0,0.9418878248974009,0.8674692261807928,0.8674692261807928,0.8498152808266852,0.8495452113429641
3.2.1,0.0,0.0,0.0,0.0,0.0,0.0,0.0,0.0,0.0,0.0,0.0,0.0,0.0,0.0,0.0,0.0,0.0,0.0,0.0,0.0,0.0,0.0,0.0,0.0,0.0,0.0,0.0,0.0,0.0,0.0,0.0,0.0,0.0,0.0,0.0,0.0,0.0,0.0,0.0,0.0,0.0,0.0,0.0,0.0,0.0,0.0,0.0,0.0,0.0,0.0,0.0,0.0,0.0,0.0,0.0,0.0,0.0,0.0,0.0,0.0,0.0,0.0,0.0,0.0,0.0,0.0,0.0,0.0,0.0,0.0,0.0,0.0,0.0,0.0,0.0,0.0,0.0,0.0,0.0,0.868224197745013,0.868224197745013,0.8505673303361164,0.8502968390650907
3.3.0,0.0,0.0,0.0,0.0,0.0,0.0,0.0,0.0,0.0,0.0,0.0,0.0,0.0,0.0,0.0,0.0,0.0,0.0,0.0,0.0,0.0,0.0,0.0,0.0,0.0,0.0,0.0,0.0,0.0,0.0,0.0,0.0,0.0,0.0,0.0,0.0,0.0,0.0,0.0,0.0,0.0,0.0,0.0,0.0,0.0,0.0,0.0,0.0,0.0,0.0,0.0,0.0,0.0,0.0,0.0,0.0,0.0,0.0,0.0,0.0,0.0,0.0,0.0,0.0,0.0,0.0,0.0,0.0,0.0,0.0,0.0,0.0,0.0,0.0,0.0,0.0,0.0,0.0,0.0,0.0,0.9396153432899967,0.9188859416445624,0.9185707469649579
3.3.1,0.0,0.0,0.0,0.0,0.0,0.0,0.0,0.0,0.0,0.0,0.0,0.0,0.0,0.0,0.0,0.0,0.0,0.0,0.0,0.0,0.0,0.0,0.0,0.0,0.0,0.0,0.0,0.0,0.0,0.0,0.0,0.0,0.0,0.0,0.0,0.0,0.0,0.0,0.0,0.0,0.0,0.0,0.0,0.0,0.0,0.0,0.0,0.0,0.0,0.0,0.0,0.0,0.0,0.0,0.0,0.0,0.0,0.0,0.0,0.0,0.0,0.0,0.0,0.0,0.0,0.0,0.0,0.0,0.0,0.0,0.0,0.0,0.0,0.0,0.0,0.0,0.0,0.0,0.0,0.0,0.0,0.9188859416445624,0.9185707469649579
3.4.0,0.0,0.0,0.0,0.0,0.0,0.0,0.0,0.0,0.0,0.0,0.0,0.0,0.0,0.0,0.0,0.0,0.0,0.0,0.0,0.0,0.0,0.0,0.0,0.0,0.0,0.0,0.0,0.0,0.0,0.0,0.0,0.0,0.0,0.0,0.0,0.0,0.0,0.0,0.0,0.0,0.0,0.0,0.0,0.0,0.0,0.0,0.0,0.0,0.0,0.0,0.0,0.0,0.0,0.0,0.0,0.0,0.0,0.0,0.0,0.0,0.0,0.0,0.0,0.0,0.0,0.0,0.0,0.0,0.0,0.0,0.0,0.0,0.0,0.0,0.0,0.0,0.0,0.0,0.0,0.0,0.0,0.0,0.9376407141735169
3.4.1,0.0,0.0,0.0,0.0,0.0,0.0,0.0,0.0,0.0,0.0,0.0,0.0,0.0,0.0,0.0,0.0,0.0,0.0,0.0,0.0,0.0,0.0,0.0,0.0,0.0,0.0,0.0,0.0,0.0,0.0,0.0,0.0,0.0,0.0,0.0,0.0,0.0,0.0,0.0,0.0,0.0,0.0,0.0,0.0,0.0,0.0,0.0,0.0,0.0,0.0,0.0,0.0,0.0,0.0,0.0,0.0,0.0,0.0,0.0,0.0,0.0,0.0,0.0,0.0,0.0,0.0,0.0,0.0,0.0,0.0,0.0,0.0,0.0,0.0,0.0,0.0,0.0,0.0,0.0,0.0,0.0,0.0,0.0
